id,movie_id,user_id,stars
1,1,1,5
2,2,1,4
3,3,1,3
4,4,1,2
5,5,1,1
6,6,1,2
7,7,1,3
8,8,1,4
9,9,1,5
10,10,1,5
11,11,1,4
12,12,1,3
13,13,1,2
14,14,1,1
15,15,1,2
16,16,1,3
17,17,1,4
18,18,1,5
19,19,1,5
20,20,1,4
21,21,1,3
22,22,1,2
23,23,1,1
24,24,1,2
25,25,1,3
26,26,1,4
27,27,1,5
28,28,1,5
29,29,1,4
30,30,1,3
31,31,1,2
32,32,1,1
33,33,1,2
34,34,1,3
35,35,1,4
36,36,1,5
37,37,1,5
38,38,1,4
39,39,1,3
40,40,1,2
41,41,1,1
42,42,1,2
43,43,1,3
44,44,1,4
45,45,1,5
46,46,1,5
47,47,1,4
48,48,1,3
49,49,1,2
50,50,1,1
51,51,1,2
52,52,1,3
53,53,1,4
54,54,1,5
55,55,1,5
56,56,1,4
57,57,1,3
58,58,1,2
59,59,1,1
60,60,1,2
61,61,1,3
62,62,1,4
63,63,1,5
64,64,1,5
65,65,1,4
66,66,1,3
67,67,1,2
68,68,1,1
69,69,1,2
70,70,1,3
71,71,1,4
72,72,1,5
73,73,1,5
74,74,1,4
75,75,1,3
76,76,1,2
77,77,1,1
78,78,1,2
79,79,1,3
80,80,1,4
81,81,1,5
82,82,1,5
83,83,1,4
84,84,1,3
85,85,1,2
86,86,1,1
87,87,1,2
88,88,1,3
89,89,1,4
90,90,1,5
91,91,1,5
92,92,1,4
93,93,1,3
94,94,1,2
95,95,1,1
96,96,1,2
97,97,1,3
98,98,1,4
99,99,1,5
100,100,1,5
101,101,1,4
102,102,1,3
103,103,1,2
104,104,1,1
105,105,1,2
106,106,1,3
107,107,1,4
108,108,1,5
109,109,1,5
110,110,1,4
111,111,1,3
112,112,1,2
113,113,1,1
114,114,1,2
115,115,1,3
116,116,1,4
117,117,1,5
118,118,1,5
119,119,1,4
120,120,1,3
121,121,1,2
122,122,1,1
123,123,1,2
124,124,1,3
125,125,1,4
126,126,1,5
127,127,1,5
128,128,1,4
129,129,1,3
130,130,1,2
131,131,1,1
132,132,1,2
133,133,1,3
134,134,1,4
135,135,1,5
136,136,1,5
137,137,1,4
138,138,1,3
139,139,1,2
140,140,1,1
141,141,1,2
142,142,1,3
143,143,1,4
144,144,1,5
145,145,1,5
146,146,1,4
147,147,1,3
148,148,1,2
149,149,1,1
150,150,1,2
151,151,1,3
152,152,1,4
153,153,1,5
154,154,1,5
155,155,1,4
156,156,1,3
157,157,1,2
158,158,1,1
159,159,1,2
160,160,1,3
161,161,1,4
162,162,1,5
163,163,1,5
164,164,1,4
165,165,1,3
166,166,1,2
167,167,1,1
168,168,1,2
169,169,1,3
170,170,1,4
171,171,1,5
172,172,1,5
173,173,1,4
174,174,1,3
175,175,1,2
176,176,1,1
177,177,1,2
178,178,1,3
179,179,1,4
180,180,1,5
181,181,1,5
182,182,1,4
183,183,1,3
184,184,1,2
185,185,1,1
186,186,1,2
187,187,1,3
188,188,1,4
189,189,1,5
190,190,1,5
191,191,1,4
192,192,1,3
193,193,1,2
194,194,1,1
195,195,1,2
196,196,1,3
197,197,1,4
198,198,1,5
199,199,1,5
200,200,1,4
201,201,1,3
202,202,1,2
203,203,1,1
204,204,1,2
205,205,1,3
206,206,1,4
207,207,1,5
208,208,1,5
209,209,1,4
210,210,1,3
211,211,1,2
212,212,1,1
213,213,1,2
214,214,1,3
215,215,1,4
216,216,1,5
217,217,1,5
218,218,1,4
219,219,1,3
220,220,1,2
221,221,1,1
222,222,1,2
223,223,1,3
224,224,1,4
225,225,1,5
226,226,1,5
227,227,1,4
228,228,1,3
229,229,1,2
230,230,1,1
231,231,1,2
232,232,1,3
233,233,1,4
234,234,1,5
235,235,1,5
236,236,1,4
237,237,1,3
238,238,1,2
239,239,1,1
240,240,1,2
241,241,1,3
242,242,1,4
243,243,1,5
244,244,1,5
245,245,1,4
246,246,1,3
247,247,1,2
248,248,1,1
249,249,1,2
250,250,1,3
251,251,1,4
252,252,1,5
253,253,1,5
254,254,1,4
255,255,1,3
256,256,1,2
257,257,1,1
258,258,1,2
259,259,1,3
260,260,1,4
261,261,1,5
262,262,1,5
263,263,1,4
264,264,1,3
265,265,1,2
266,266,1,1
267,267,1,2
268,268,1,3
269,269,1,4
270,270,1,5
271,271,1,5
272,272,1,4
273,273,1,3
274,274,1,2
275,275,1,1
276,276,1,2
277,277,1,3
278,278,1,4
279,279,1,5
280,280,1,5
281,281,1,4
282,282,1,3
283,283,1,2
284,284,1,1
285,285,1,2
286,286,1,3
287,287,1,4
288,288,1,5
289,289,1,5
290,290,1,4
291,291,1,3
292,292,1,2
293,293,1,1
294,294,1,2
295,295,1,3
296,296,1,4
297,297,1,5
298,298,1,5
299,299,1,4
300,300,1,3
301,301,1,2
302,302,1,1
303,303,1,2
304,304,1,3
305,305,1,4
306,306,1,5
307,307,1,5
308,308,1,4
309,309,1,3
310,310,1,2
311,311,1,1
312,312,1,2
313,313,1,3
314,314,1,4
315,315,1,5
316,316,1,5
317,317,1,4
318,318,1,3
319,319,1,2
320,320,1,1
321,321,1,2
322,322,1,3
323,323,1,4
324,324,1,5
325,325,1,5
326,326,1,4
327,327,1,3
328,328,1,2
329,329,1,1
330,330,1,2
331,331,1,3
332,332,1,4
333,333,1,5
334,334,1,5
335,335,1,4
336,336,1,3
337,337,1,2
338,338,1,1
339,339,1,2
340,340,1,3
341,341,1,4
342,342,1,5
343,343,1,5
344,344,1,4
345,345,1,3
346,346,1,2
347,347,1,1
348,348,1,2
349,349,1,3
350,350,1,4
351,351,1,5
352,352,1,5
353,353,1,4
354,354,1,3
355,355,1,2
356,356,1,1
357,357,1,2
358,358,1,3
359,359,1,4
360,360,1,5
361,361,1,5
362,362,1,4
363,363,1,3
364,364,1,2
365,365,1,1
366,366,1,2
367,367,1,3
368,368,1,4
369,369,1,5
370,370,1,5
371,371,1,4
372,372,1,3
373,373,1,2
374,374,1,1
375,375,1,2
376,376,1,3
377,377,1,4
378,378,1,5
379,379,1,5
380,380,1,4
381,381,1,3
382,382,1,2
383,383,1,1
384,384,1,2
385,385,1,3
386,386,1,4
387,387,1,5
388,388,1,5
389,389,1,4
390,390,1,3
391,391,1,2
392,392,1,1
393,393,1,2
394,394,1,3
395,395,1,4
396,396,1,5
397,397,1,5
398,398,1,4
399,399,1,3
400,400,1,2
401,401,1,1
402,402,1,2
403,403,1,3
404,404,1,4
405,405,1,5
406,406,1,5
407,407,1,4
408,408,1,3
409,409,1,2
410,410,1,1
411,411,1,2
412,412,1,3
413,413,1,4
414,414,1,5
415,415,1,5
416,416,1,4
417,417,1,3
418,418,1,2
419,419,1,1
420,420,1,2
421,421,1,3
422,422,1,4
423,423,1,5
424,424,1,5
425,425,1,4
426,426,1,3
427,427,1,2
428,428,1,1
429,429,1,2
430,430,1,3
431,431,1,4
432,432,1,5
433,433,1,5
434,434,1,4
435,435,1,3
436,436,1,2
437,437,1,1
438,438,1,2
439,439,1,3
440,440,1,4
441,441,1,5
442,442,1,5
443,443,1,4
444,444,1,3
445,445,1,2
446,446,1,1
447,447,1,2
448,448,1,3
449,449,1,4
450,450,1,5
451,451,1,5
452,452,1,4
453,453,1,3
454,454,1,2
455,455,1,1
456,456,1,2
457,457,1,3
458,458,1,4
459,459,1,5
460,460,1,5
461,461,1,4
462,462,1,3
463,463,1,2
464,464,1,1
465,465,1,2
466,466,1,3
467,467,1,4
468,468,1,5
469,469,1,5
470,470,1,4
471,471,1,3
472,472,1,2
473,473,1,1
474,474,1,2
475,475,1,3
476,476,1,4
477,477,1,5
478,478,1,5
479,479,1,4
480,480,1,3
481,481,1,2
482,482,1,1
483,483,1,2
484,484,1,3
485,485,1,4
486,486,1,5
487,487,1,5
488,488,1,4
489,489,1,3
490,490,1,2
491,491,1,1
492,492,1,2
493,493,1,3
494,494,1,4
495,495,1,5
496,496,1,5
497,497,1,4
498,498,1,3
499,499,1,2
500,500,1,1
501,501,1,2
502,502,1,3
503,503,1,4
504,504,1,5
505,505,1,5
506,506,1,4
507,507,1,3
508,508,1,2
509,509,1,1
510,510,1,2
511,511,1,3
512,512,1,4
513,513,1,5
514,514,1,5
515,515,1,4
516,516,1,3
517,517,1,2
518,518,1,1
519,519,1,2
520,520,1,3
521,521,1,4
522,522,1,5
523,523,1,5
524,524,1,4
525,525,1,3
526,526,1,2
527,527,1,1
528,528,1,2
529,529,1,3
530,530,1,4
531,531,1,5
532,532,1,5
533,533,1,4
534,534,1,3
535,535,1,2
536,536,1,1
537,537,1,2
538,538,1,3
539,539,1,4
540,540,1,5
541,541,1,5
542,542,1,4
543,543,1,3
544,544,1,2
545,545,1,1
546,546,1,2
547,547,1,3
548,548,1,4
549,549,1,5
550,550,1,5
551,551,1,4
552,552,1,3
553,553,1,2
554,554,1,1
555,555,1,2
556,556,1,3
557,557,1,4
558,558,1,5
559,559,1,5
560,560,1,4
561,561,1,3
562,562,1,2
563,563,1,1
564,564,1,2
565,565,1,3
566,566,1,4
567,567,1,5
568,568,1,5
569,569,1,4
570,570,1,3
571,571,1,2
572,572,1,1
573,573,1,2
574,574,1,3
575,575,1,4
576,576,1,5
577,577,1,5
578,578,1,4
579,579,1,3
580,580,1,2
581,581,1,1
582,582,1,2
583,583,1,3
584,584,1,4
585,585,1,5
586,586,1,5
587,587,1,4
588,588,1,3
589,589,1,2
590,590,1,1
591,591,1,2
592,592,1,3
593,593,1,4
594,594,1,5
595,595,1,5
596,596,1,4
597,597,1,3
598,598,1,2
599,599,1,1
600,600,1,2
601,601,1,3
602,602,1,4
603,603,1,5
604,604,1,5
605,605,1,4
606,606,1,3
607,607,1,2
608,608,1,1
609,609,1,2
610,610,1,3
611,611,1,4
612,612,1,5
613,613,1,5
614,614,1,4
615,615,1,3
616,616,1,2
617,617,1,1
618,618,1,2
619,619,1,3
620,620,1,4
621,621,1,5
622,622,1,5
623,623,1,4
624,624,1,3
625,625,1,2
626,626,1,1
627,627,1,2
628,628,1,3
629,629,1,4
630,630,1,5
631,631,1,5
632,632,1,4
633,633,1,3
634,634,1,2
635,635,1,1
636,636,1,2
637,637,1,3
638,638,1,4
639,639,1,5
640,640,1,5
641,641,1,4
642,642,1,3
643,643,1,2
644,644,1,1
645,645,1,2
646,646,1,3
647,647,1,4
648,648,1,5
649,649,1,5
650,650,1,4
651,651,1,3
652,652,1,2
653,653,1,1
654,654,1,2
655,655,1,3
656,656,1,4
657,657,1,5
658,658,1,5
659,659,1,4
660,660,1,3
661,661,1,2
662,662,1,1
663,663,1,2
664,664,1,3
665,665,1,4
666,666,1,5
667,667,1,5
668,668,1,4
669,669,1,3
670,670,1,2
671,671,1,1
672,672,1,2
673,673,1,3
674,674,1,4
675,675,1,5
676,676,1,5
677,677,1,4
678,678,1,3
679,679,1,2
680,680,1,1
681,681,1,2
682,682,1,3
683,683,1,4
684,684,1,5
685,685,1,5
686,686,1,4
687,687,1,3
688,688,1,2
689,689,1,1
690,690,1,2
691,691,1,3
692,692,1,4
693,693,1,5
694,694,1,5
695,695,1,4
696,696,1,3
697,697,1,2
698,698,1,1
699,699,1,2
700,700,1,3
701,701,1,4
702,702,1,5
703,703,1,5
704,704,1,4
705,705,1,3
706,706,1,2
707,707,1,1
708,708,1,2
709,709,1,3
710,710,1,4
711,711,1,5
712,712,1,5
713,713,1,4
714,714,1,3
715,715,1,2
716,716,1,1
717,717,1,2
718,718,1,3
719,719,1,4
720,720,1,5
721,721,1,5
722,722,1,4
723,723,1,3
724,724,1,2
725,725,1,1
726,726,1,2
727,727,1,3
728,728,1,4
729,729,1,5
730,730,1,5
731,731,1,4
732,732,1,3
733,733,1,2
734,734,1,1
735,735,1,2
736,736,1,3
737,737,1,4
738,738,1,5
739,739,1,5
740,740,1,4
741,741,1,3
742,742,1,2
743,743,1,1
744,744,1,2
745,745,1,3
746,746,1,4
747,747,1,5
748,748,1,5
749,749,1,4
750,750,1,3
751,751,1,2
752,752,1,1
753,753,1,2
754,754,1,3
755,755,1,4
756,756,1,5
757,757,1,5
758,758,1,4
759,759,1,3
760,760,1,2
761,761,1,1
762,762,1,2
763,763,1,3
764,764,1,4
765,765,1,5
766,766,1,5
767,767,1,4
768,768,1,3
769,769,1,2
770,770,1,1
771,771,1,2
772,772,1,3
773,773,1,4
774,774,1,5
775,775,1,5
776,776,1,4
777,777,1,3
778,778,1,2
779,779,1,1
780,780,1,2
781,781,1,3
782,782,1,4
783,783,1,5
784,784,1,5
785,785,1,4
786,786,1,3
787,787,1,2
788,788,1,1
789,789,1,2
790,790,1,3
791,791,1,4
792,792,1,5
793,793,1,5
794,794,1,4
795,795,1,3
796,796,1,2
797,797,1,1
798,798,1,2
799,799,1,3
800,800,1,4
801,801,1,5
802,802,1,5
803,803,1,4
804,804,1,3
805,805,1,2
806,806,1,1
807,807,1,2
808,808,1,3
809,809,1,4
810,810,1,5
811,811,1,5
812,812,1,4
813,813,1,3
814,814,1,2
815,815,1,1
816,816,1,2
817,817,1,3
818,818,1,4
819,819,1,5
820,820,1,5
821,821,1,4
822,822,1,3
823,823,1,2
824,824,1,1
825,825,1,2
826,826,1,3
827,827,1,4
828,828,1,5
829,829,1,5
830,830,1,4
831,831,1,3
832,832,1,2
833,833,1,1
834,834,1,2
835,835,1,3
836,836,1,4
837,837,1,5
838,838,1,5
839,839,1,4
840,840,1,3
841,841,1,2
842,842,1,1
843,843,1,2
844,844,1,3
845,845,1,4
846,846,1,5
847,847,1,5
848,848,1,4
849,849,1,3
850,850,1,2
851,851,1,1
852,852,1,2
853,853,1,3
854,854,1,4
855,855,1,5
856,856,1,5
857,857,1,4
858,858,1,3
859,859,1,2
860,860,1,1
861,861,1,2
862,862,1,3
863,863,1,4
864,864,1,5
865,865,1,5
866,866,1,4
867,867,1,3
868,868,1,2
869,869,1,1
870,870,1,2
871,871,1,3
872,872,1,4
873,873,1,5
874,874,1,5
875,875,1,4
876,876,1,3
877,877,1,2
878,878,1,1
879,879,1,2
880,880,1,3
881,881,1,4
882,882,1,5
883,883,1,5
884,884,1,4
885,885,1,3
886,886,1,2
887,887,1,1
888,888,1,2
889,889,1,3
890,890,1,4
891,891,1,5
892,892,1,5
893,893,1,4
894,894,1,3
895,895,1,2
896,896,1,1
897,897,1,2
898,898,1,3
899,899,1,4
900,900,1,5
901,901,1,5
902,902,1,4
903,903,1,3
904,904,1,2
905,905,1,1
906,906,1,2
907,907,1,3
908,908,1,4
909,909,1,5
910,910,1,5
911,911,1,4
912,912,1,3
913,913,1,2
914,914,1,1
915,915,1,2
916,916,1,3
917,917,1,4
918,918,1,5
919,919,1,5
920,920,1,4
921,921,1,3
922,922,1,2
923,923,1,1
924,924,1,2
925,925,1,3
926,926,1,4
927,927,1,5
928,928,1,5
929,929,1,4
930,930,1,3
931,931,1,2
932,932,1,1
933,933,1,2
934,934,1,3
935,935,1,4
936,936,1,5
937,937,1,5
938,938,1,4
939,939,1,3
940,940,1,2
941,941,1,1
942,942,1,2
943,943,1,3
944,944,1,4
945,945,1,5
946,946,1,5
947,947,1,4
948,948,1,3
949,949,1,2
950,950,1,1
951,951,1,2
952,952,1,3
953,953,1,4
954,954,1,5
955,955,1,5
956,956,1,4
957,957,1,3
958,958,1,2
959,959,1,1
960,960,1,2
961,961,1,3
962,962,1,4
963,963,1,5
964,964,1,5
965,965,1,4
966,966,1,3
967,967,1,2
968,968,1,1
969,969,1,2
970,970,1,3
971,971,1,4
972,972,1,5
973,973,1,5
974,974,1,4
975,975,1,3
976,976,1,2
977,977,1,1
978,978,1,2
979,979,1,3
980,980,1,4
981,981,1,5
982,982,1,5
983,983,1,4
984,984,1,3
985,985,1,2
986,986,1,1
987,987,1,2
988,988,1,3
989,989,1,4
990,990,1,5
991,991,1,5
992,992,1,4
993,993,1,3
994,994,1,2
995,995,1,1
996,996,1,2
997,997,1,3
998,998,1,4
999,999,1,5
1000,1000,1,5
1001,1001,1,4
1002,1002,1,3
1003,1003,1,2
1004,1004,1,1
1005,1005,1,2
1006,1006,1,3
1007,1007,1,4
1008,1008,1,5
1009,1009,1,5
1010,1010,1,4
1011,1011,1,3
1012,1012,1,2
1013,1013,1,1
1014,1014,1,2
1015,1015,1,3
1016,1016,1,4
1017,1017,1,5
1018,1018,1,5
1019,1019,1,4
1020,1020,1,3
1021,1021,1,2
1022,1022,1,1
1023,1023,1,2
1024,1024,1,3
1025,1025,1,4
1026,1026,1,5
1027,1027,1,5
1028,1028,1,4
1029,1029,1,3
1030,1030,1,2
1031,1031,1,1
1032,1032,1,2
1033,1033,1,3
1034,1034,1,4
1035,1035,1,5
1036,1036,1,5
1037,1037,1,4
1038,1038,1,3
1039,1039,1,2
1040,1040,1,1
1041,1041,1,2
1042,1042,1,3
1043,1043,1,4
1044,1044,1,5
1045,1045,1,5
1046,1046,1,4
1047,1047,1,3
1048,1048,1,2
1049,1049,1,1
1050,1050,1,2
1051,1051,1,3
1052,1052,1,4
1053,1053,1,5
1054,1054,1,5
1055,1055,1,4
1056,1056,1,3
1057,1057,1,2
1058,1058,1,1
1059,1059,1,2
1060,1060,1,3
1061,1061,1,4
1062,1062,1,5
1063,1063,1,5
1064,1064,1,4
1065,1065,1,3
1066,1066,1,2
1067,1067,1,1
1068,1068,1,2
1069,1069,1,3
1070,1070,1,4
1071,1071,1,5
1072,1072,1,5
1073,1073,1,4
1074,1074,1,3
1075,1075,1,2
1076,1076,1,1
1077,1077,1,2
1078,1078,1,3
1079,1079,1,4
1080,1080,1,5
1081,1081,1,5
1082,1082,1,4
1083,1083,1,3
1084,1084,1,2
1085,1085,1,1
1086,1086,1,2
1087,1087,1,3
1088,1088,1,4
1089,1089,1,5
1090,1090,1,5
1091,1091,1,4
1092,1092,1,3
1093,1093,1,2
1094,1094,1,1
1095,1095,1,2
1096,1096,1,3
1097,1097,1,4
1098,1098,1,5
1099,1099,1,5
1100,1100,1,4
1101,1101,1,3
1102,1102,1,2
1103,1103,1,1
1104,1104,1,2
1105,1105,1,3
1106,1106,1,4
1107,1107,1,5
1108,1108,1,5
1109,1109,1,4
1110,1110,1,3
1111,1111,1,2
1112,1112,1,1
1113,1113,1,2
1114,1114,1,3
1115,1115,1,4
1116,1116,1,5
1117,1117,1,5
1118,1118,1,4
1119,1119,1,3
1120,1120,1,2
1121,1121,1,1
1122,1122,1,2
1123,1123,1,3
1124,1124,1,4
1125,1125,1,5
1126,1126,1,5
1127,1127,1,4
1128,1128,1,3
1129,1129,1,2
1130,1130,1,1
1131,1131,1,2
1132,1132,1,3
1133,1133,1,4
1134,1134,1,5
1135,1135,1,5
1136,1136,1,4
1137,1137,1,3
1138,1138,1,2
1139,1139,1,1
1140,1140,1,2
1141,1141,1,3
1142,1142,1,4
1143,1143,1,5
1144,1144,1,5
1145,1145,1,4
1146,1146,1,3
1147,1147,1,2
1148,1148,1,1
1149,1149,1,2
1150,1150,1,3
1151,1151,1,4
1152,1152,1,5
1153,1153,1,5
1154,1154,1,4
1155,1155,1,3
1156,1156,1,2
1157,1157,1,1
1158,1158,1,2
1159,1159,1,3
1160,1160,1,4
1161,1161,1,5
1162,1162,1,5
1163,1163,1,4
1164,1164,1,3
1165,1165,1,2
1166,1166,1,1
1167,1167,1,2
1168,1168,1,3
1169,1169,1,4
1170,1170,1,5
1171,1171,1,5
1172,1172,1,4
1173,1173,1,3
1174,1174,1,2
1175,1175,1,1
1176,1176,1,2
1177,1177,1,3
1178,1178,1,4
1179,1179,1,5
1180,1180,1,5
1181,1181,1,4
1182,1182,1,3
1183,1183,1,2
1184,1184,1,1
1185,1185,1,2
1186,1186,1,3
1187,1187,1,4
1188,1188,1,5
1189,1189,1,5
1190,1190,1,4
1191,1191,1,3
1192,1192,1,2
1193,1193,1,1
1194,1194,1,2
1195,1195,1,3
1196,1196,1,4
1197,1197,1,5
1198,1198,1,5
1199,1199,1,4
1200,1200,1,3
1201,1201,1,2
1202,1202,1,1
1203,1203,1,2
1204,1204,1,3
1205,1205,1,4
1206,1206,1,5
1207,1207,1,5
1208,1208,1,4
1209,1209,1,3
1210,1210,1,2
1211,1211,1,1
1212,1212,1,2
1213,1213,1,3
1214,1214,1,4
1215,1215,1,5
1216,1216,1,5
1217,1217,1,4
1218,1218,1,3
1219,1219,1,2
1220,1220,1,1
1221,1221,1,2
1222,1222,1,3
1223,1223,1,4
1224,1224,1,5
1225,1225,1,5
1226,1226,1,4
1227,1227,1,3
1228,1228,1,2
1229,1229,1,1
1230,1230,1,2
1231,1231,1,3
1232,1232,1,4
1233,1233,1,5
1234,1234,1,5
1235,1235,1,4
1236,1236,1,3
1237,1237,1,2
1238,1238,1,1
1239,1239,1,2
1240,1240,1,3
1241,1241,1,4
1242,1242,1,5
1243,1243,1,5
1244,1244,1,4
1245,1245,1,3
1246,1246,1,2
1247,1247,1,1
1248,1248,1,2
1249,1249,1,3
1250,1250,1,4
1251,1251,1,5
1252,1252,1,5
1253,1253,1,4
1254,1254,1,3
1255,1255,1,2
1256,1256,1,1
1257,1257,1,2
1258,1258,1,3
1259,1259,1,4
1260,1260,1,5
1261,1261,1,5
1262,1262,1,4
1263,1263,1,3
1264,1264,1,2
1265,1265,1,1
1266,1266,1,2
1267,1267,1,3
1268,1268,1,4
1269,1269,1,5
1270,1270,1,5
1271,1271,1,4
1272,1272,1,3
1273,1273,1,2
1274,1274,1,1
1275,1275,1,2
1276,1276,1,3
1277,1277,1,4
1278,1278,1,5
1279,1279,1,5
1280,1280,1,4
1281,1281,1,3
1282,1282,1,2
1283,1283,1,1
1284,1284,1,2
1285,1285,1,3
1286,1286,1,4
1287,1287,1,5
1288,1288,1,5
1289,1289,1,4
1290,1290,1,3
1291,1291,1,2
1292,1292,1,1
1293,1293,1,2
1294,1294,1,3
1295,1295,1,4
1296,1296,1,5
1297,1297,1,5
1298,1298,1,4
1299,1299,1,3
1300,1300,1,2
1301,1301,1,1
1302,1302,1,2
1303,1303,1,3
1304,1304,1,4
1305,1305,1,5
1306,1306,1,5
1307,1307,1,4
1308,1308,1,3
1309,1309,1,2
1310,1310,1,1
1311,1311,1,2
1312,1312,1,3
1313,1313,1,4
1314,1314,1,5
1315,1315,1,5
1316,1316,1,4
1317,1317,1,3
1318,1318,1,2
1319,1319,1,1
1320,1320,1,2
1321,1321,1,3
1322,1322,1,4
1323,1323,1,5
1324,1324,1,5
1325,1325,1,4
1326,1326,1,3
1327,1327,1,2
1328,1328,1,1
1329,1329,1,2
1330,1330,1,3
1331,1331,1,4
1332,1332,1,5
1333,1333,1,5
1334,1334,1,4
1335,1335,1,3
1336,1336,1,2
1337,1337,1,1
1338,1338,1,2
1339,1339,1,3
1340,1340,1,4
1341,1341,1,5
1342,1342,1,5
1343,1343,1,4
1344,1344,1,3
1345,1345,1,2
1346,1346,1,1
1347,1347,1,2
1348,1348,1,3
1349,1349,1,4
1350,1350,1,5
1351,1351,1,5
1352,1352,1,4
1353,1353,1,3
1354,1354,1,2
1355,1355,1,1
1356,1356,1,2
1357,1357,1,3
1358,1358,1,4
1359,1359,1,5
1360,1360,1,5
1361,1361,1,4
1362,1362,1,3
1363,1363,1,2
1364,1364,1,1
1365,1365,1,2
1366,1366,1,3
1367,1367,1,4
1368,1368,1,5
1369,1369,1,5
1370,1370,1,4
1371,1371,1,3
1372,1372,1,2
1373,1373,1,1
1374,1374,1,2
1375,1375,1,3
1376,1376,1,4
1377,1377,1,5
1378,1378,1,5
1379,1379,1,4
1380,1380,1,3
1381,1381,1,2
1382,1382,1,1
1383,1383,1,2
1384,1384,1,3
1385,1385,1,4
1386,1386,1,5
1387,1387,1,5
1388,1388,1,4
1389,1389,1,3
1390,1390,1,2
1391,1391,1,1
1392,1392,1,2
1393,1393,1,3
1394,1394,1,4
1395,1395,1,5
1396,1396,1,5
1397,1397,1,4
1398,1398,1,3
1399,1399,1,2
1400,1400,1,1
1401,1401,1,2
1402,1402,1,3
1403,1403,1,4
1404,1404,1,5
1405,1405,1,5
1406,1406,1,4
1407,1407,1,3
1408,1408,1,2
1409,1409,1,1
1410,1410,1,2
1411,1411,1,3
1412,1412,1,4
1413,1413,1,5
1414,1414,1,5
1415,1415,1,4
1416,1416,1,3
1417,1417,1,2
1418,1418,1,1
1419,1419,1,2
1420,1420,1,3
1421,1421,1,4
1422,1422,1,5
1423,1423,1,5
1424,1424,1,4
1425,1425,1,3
1426,1426,1,2
1427,1427,1,1
1428,1428,1,2
1429,1429,1,3
1430,1430,1,4
1431,1431,1,5
1432,1432,1,5
1433,1433,1,4
1434,1434,1,3
1435,1435,1,2
1436,1436,1,1
1437,1437,1,2
1438,1438,1,3
1439,1439,1,4
1440,1440,1,5
1441,1441,1,5
1442,1442,1,4
1443,1443,1,3
1444,1444,1,2
1445,1445,1,1
1446,1446,1,2
1447,1447,1,3
1448,1448,1,4
1449,1449,1,5
1450,1450,1,5
1451,1451,1,4
1452,1452,1,3
1453,1453,1,2
1454,1454,1,1
1455,1455,1,2
1456,1456,1,3
1457,1457,1,4
1458,1458,1,5
1459,1459,1,5
1460,1460,1,4
1461,1461,1,3
1462,1462,1,2
1463,1463,1,1
1464,1464,1,2
1465,1465,1,3
1466,1466,1,4
1467,1467,1,5
1468,1468,1,5
1469,1469,1,4
1470,1470,1,3
1471,1471,1,2
1472,1472,1,1
1473,1473,1,2
1474,1474,1,3
1475,1475,1,4
1476,1476,1,5
1477,1477,1,5
1478,1478,1,4
1479,1479,1,3
1480,1480,1,2
1481,1481,1,1
1482,1482,1,2
1483,1483,1,3
1484,1484,1,4
1485,1485,1,5
1486,1486,1,5
1487,1487,1,4
1488,1488,1,3
1489,1489,1,2
1490,1490,1,1
1491,1491,1,2
1492,1492,1,3
1493,1493,1,4
1494,1494,1,5
1495,1495,1,5
1496,1496,1,4
1497,1497,1,3
1498,1498,1,2
1499,1499,1,1
1500,1500,1,2
1501,1501,1,3
1502,1502,1,4
1503,1503,1,5
1504,1504,1,5
1505,1505,1,4
1506,1506,1,3
1507,1507,1,2
1508,1508,1,1
1509,1509,1,2
1510,1510,1,3
1511,1511,1,4
1512,1512,1,5
1513,1513,1,5
1514,1514,1,4
1515,1515,1,3
1516,1516,1,2
1517,1517,1,1
1518,1518,1,2
1519,1519,1,3
1520,1520,1,4
1521,1521,1,5
1522,1522,1,5
1523,1523,1,4
1524,1524,1,3
1525,1525,1,2
1526,1526,1,1
1527,1527,1,2
1528,1528,1,3
1529,1529,1,4
1530,1530,1,5
1531,1531,1,5
1532,1532,1,4
1533,1533,1,3
1534,1534,1,2
1535,1535,1,1
1536,1536,1,2
1537,1537,1,3
1538,1538,1,4
1539,1539,1,5
1540,1540,1,5
1541,1541,1,4
1542,1542,1,3
1543,1543,1,2
1544,1544,1,1
1545,1545,1,2
1546,1546,1,3
1547,1547,1,4
1548,1548,1,5
1549,1549,1,5
1550,1550,1,4
1551,1551,1,3
1552,1552,1,2
1553,1553,1,1
1554,1554,1,2
1555,1555,1,3
1556,1556,1,4
1557,1557,1,5
1558,1558,1,5
1559,1559,1,4
1560,1560,1,3
1561,1561,1,2
1562,1562,1,1
1563,1563,1,2
1564,1564,1,3
1565,1565,1,4
1566,1566,1,5
1567,1567,1,5
1568,1568,1,4
1569,1569,1,3
1570,1570,1,2
1571,1571,1,1
1572,1572,1,2
1573,1573,1,3
1574,1574,1,4
1575,1575,1,5
1576,1576,1,5
1577,1577,1,4
1578,1578,1,3
1579,1579,1,2
1580,1580,1,1
1581,1581,1,2
1582,1582,1,3
1583,1583,1,4
1584,1584,1,5
1585,1585,1,5
1586,1586,1,4
1587,1587,1,3
1588,1588,1,2
1589,1589,1,1
1590,1590,1,2
1591,1591,1,3
1592,1592,1,4
1593,1593,1,5
1594,1594,1,5
1595,1595,1,4
1596,1596,1,3
1597,1597,1,2
1598,1598,1,1
1599,1599,1,2
1600,1600,1,3
1601,1601,1,4
1602,1602,1,5
1603,1603,1,5
1604,1604,1,4
1605,1605,1,3
1606,1606,1,2
1607,1607,1,1
1608,1608,1,2
1609,1609,1,3
1610,1610,1,4
1611,1611,1,5
1612,1612,1,5
1613,1613,1,4
1614,1614,1,3
1615,1615,1,2
1616,1616,1,1
1617,1617,1,2
1618,1618,1,3
1619,1619,1,4
1620,1620,1,5
1621,1621,1,5
1622,1622,1,4
1623,1623,1,3
1624,1624,1,2
1625,1625,1,1
1626,1626,1,2
1627,1627,1,3
1628,1628,1,4
1629,1629,1,5
1630,1630,1,5
1631,1631,1,4
1632,1632,1,3
1633,1633,1,2
1634,1634,1,1
1635,1635,1,2
1636,1636,1,3
1637,1637,1,4
1638,1638,1,5
1639,1639,1,5
1640,1640,1,4
1641,1641,1,3
1642,1642,1,2
1643,1643,1,1
1644,1644,1,2
1645,1645,1,3
1646,1646,1,4
1647,1647,1,5
1648,1648,1,5
1649,1649,1,4
1650,1650,1,3
1651,1651,1,2
1652,1652,1,1
1653,1653,1,2
1654,1654,1,3
1655,1655,1,4
1656,1656,1,5
1657,1657,1,5
1658,1658,1,4
1659,1659,1,3
1660,1660,1,2
1661,1661,1,1
1662,1662,1,2
1663,1663,1,3
1664,1664,1,4
1665,1665,1,5
1666,1666,1,5
1667,1667,1,4
1668,1668,1,3
1669,1669,1,2
1670,1670,1,1
1671,1671,1,2
1672,1672,1,3
1673,1673,1,4
1674,1674,1,5
1675,1675,1,5
1676,1676,1,4
1677,1677,1,3
1678,1678,1,2
1679,1679,1,1
1680,1680,1,2
1681,1681,1,3
1682,1682,1,4
1683,1683,1,5
1684,1684,1,5
1685,1685,1,4
1686,1686,1,3
1687,1687,1,2
1688,1688,1,1
1689,1689,1,2
1690,1690,1,3
1691,1691,1,4
1692,1692,1,5
1693,1693,1,5
1694,1694,1,4
1695,1695,1,3
1696,1696,1,2
1697,1697,1,1
1698,1698,1,2
1699,1699,1,3
1700,1700,1,4
1701,1701,1,5
1702,1702,1,5
1703,1703,1,4
1704,1704,1,3
1705,1705,1,2
1706,1706,1,1
1707,1707,1,2
1708,1708,1,3
1709,1709,1,4
1710,1710,1,5
1711,1711,1,5
1712,1712,1,4
1713,1713,1,3
1714,1714,1,2
1715,1715,1,1
1716,1716,1,2
1717,1717,1,3
1718,1718,1,4
1719,1719,1,5
1720,1720,1,5
1721,1721,1,4
1722,1722,1,3
1723,1723,1,2
1724,1724,1,1
1725,1725,1,2
1726,1726,1,3
1727,1727,1,4
1728,1728,1,5
1729,1729,1,5
1730,1730,1,4
1731,1731,1,3
1732,1732,1,2
1733,1733,1,1
1734,1734,1,2
1735,1735,1,3
1736,1736,1,4
1737,1737,1,5
1738,1738,1,5
1739,1739,1,4
1740,1740,1,3
1741,1741,1,2
1742,1742,1,1
1743,1743,1,2
1744,1744,1,3
1745,1745,1,4
1746,1746,1,5
1747,1747,1,5
1748,1748,1,4
1749,1749,1,3
1750,1750,1,2
1751,1751,1,1
1752,1752,1,2
1753,1753,1,3
1754,1754,1,4
1755,1755,1,5
1756,1756,1,5
1757,1757,1,4
1758,1758,1,3
1759,1759,1,2
1760,1760,1,1
1761,1761,1,2
1762,1762,1,3
1763,1763,1,4
1764,1764,1,5
1765,1765,1,5
1766,1766,1,4
1767,1767,1,3
1768,1768,1,2
1769,1769,1,1
1770,1770,1,2
1771,1771,1,3
1772,1772,1,4
1773,1773,1,5
1774,1774,1,5
1775,1775,1,4
1776,1776,1,3
1777,1777,1,2
1778,1778,1,1
1779,1779,1,2
1780,1780,1,3
1781,1781,1,4
1782,1782,1,5
1783,1783,1,5
1784,1784,1,4
1785,1785,1,3
1786,1786,1,2
1787,1787,1,1
1788,1788,1,2
1789,1789,1,3
1790,1790,1,4
1791,1791,1,5
1792,1792,1,5
1793,1793,1,4
1794,1794,1,3
1795,1795,1,2
1796,1796,1,1
1797,1797,1,2
1798,1798,1,3
1799,1799,1,4
1800,1800,1,5
1801,1801,1,5
1802,1802,1,4
1803,1803,1,3
1804,1804,1,2
1805,1805,1,1
1806,1806,1,2
1807,1807,1,3
1808,1808,1,4
1809,1809,1,5
1810,1810,1,5
1811,1811,1,4
1812,1812,1,3
1813,1813,1,2
1814,1814,1,1
1815,1815,1,2
1816,1816,1,3
1817,1817,1,4
1818,1818,1,5
1819,1819,1,5
1820,1820,1,4
1821,1821,1,3
1822,1822,1,2
1823,1823,1,1
1824,1824,1,2
1825,1825,1,3
1826,1826,1,4
1827,1827,1,5
1828,1828,1,5
1829,1829,1,4
1830,1830,1,3
1831,1831,1,2
1832,1832,1,1
1833,1833,1,2
1834,1834,1,3
1835,1835,1,4
1836,1836,1,5
1837,1837,1,5
1838,1838,1,4
1839,1839,1,3
1840,1840,1,2
1841,1841,1,1
1842,1842,1,2
1843,1843,1,3
1844,1844,1,4
1845,1845,1,5
1846,1846,1,5
1847,1847,1,4
1848,1848,1,3
1849,1849,1,2
1850,1850,1,1
1851,1851,1,2
1852,1852,1,3
1853,1853,1,4
1854,1854,1,5
1855,1855,1,5
1856,1856,1,4
1857,1857,1,3
1858,1858,1,2
1859,1859,1,1
1860,1860,1,2
1861,1861,1,3
1862,1862,1,4
1863,1863,1,5
1864,1864,1,5
1865,1865,1,4
1866,1866,1,3
1867,1867,1,2
1868,1868,1,1
1869,1869,1,2
1870,1870,1,3
1871,1871,1,4
1872,1872,1,5
1873,1873,1,5
1874,1874,1,4
1875,1875,1,3
1876,1876,1,2
1877,1877,1,1
1878,1878,1,2
1879,1879,1,3
1880,1880,1,4
1881,1881,1,5
1882,1882,1,5
1883,1883,1,4
1884,1884,1,3
1885,1885,1,2
1886,1886,1,1
1887,1887,1,2
1888,1888,1,3
1889,1889,1,4
1890,1890,1,5
1891,1891,1,5
1892,1892,1,4
1893,1893,1,3
1894,1894,1,2
1895,1895,1,1
1896,1896,1,2
1897,1897,1,3
1898,1898,1,4
1899,1899,1,5
1900,1900,1,5
1901,1901,1,4
1902,1902,1,3
1903,1903,1,2
1904,1904,1,1
1905,1905,1,2
1906,1906,1,3
1907,1907,1,4
1908,1908,1,5
1909,1909,1,5
1910,1910,1,4
1911,1911,1,3
1912,1912,1,2
1913,1913,1,1
1914,1914,1,2
1915,1915,1,3
1916,1916,1,4
1917,1917,1,5
1918,1918,1,5
1919,1919,1,4
1920,1920,1,3
1921,1921,1,2
1922,1922,1,1
1923,1923,1,2
1924,1924,1,3
1925,1925,1,4
1926,1926,1,5
1927,1927,1,5
1928,1928,1,4
1929,1929,1,3
1930,1930,1,2
1931,1931,1,1
1932,1932,1,2
1933,1933,1,3
1934,1934,1,4
1935,1935,1,5
1936,1936,1,5
1937,1937,1,4
1938,1938,1,3
1939,1939,1,2
1940,1940,1,1
1941,1941,1,2
1942,1942,1,3
1943,1943,1,4
1944,1944,1,5
1945,1945,1,5
1946,1946,1,4
1947,1947,1,3
1948,1948,1,2
1949,1949,1,1
1950,1950,1,2
1951,1951,1,3
1952,1952,1,4
1953,1953,1,5
1954,1954,1,5
1955,1955,1,4
1956,1956,1,3
1957,1957,1,2
1958,1958,1,1
1959,1959,1,2
1960,1960,1,3
1961,1961,1,4
1962,1962,1,5
1963,1963,1,5
1964,1964,1,4
1965,1965,1,3
1966,1966,1,2
1967,1967,1,1
1968,1968,1,2
1969,1969,1,3
1970,1970,1,4
1971,1971,1,5
1972,1972,1,5
1973,1973,1,4
1974,1974,1,3
1975,1975,1,2
1976,1976,1,1
1977,1977,1,2
1978,1978,1,3
1979,1979,1,4
1980,1980,1,5
1981,1981,1,5
1982,1982,1,4
1983,1983,1,3
1984,1984,1,2
1985,1985,1,1
1986,1986,1,2
1987,1987,1,3
1988,1988,1,4
1989,1989,1,5
1990,1990,1,5
1991,1991,1,4
1992,1992,1,3
1993,1993,1,2
1994,1994,1,1
1995,1995,1,2
1996,1996,1,3
1997,1997,1,4
1998,1998,1,5
1999,1999,1,5
2000,2000,1,4
2001,2001,1,3
2002,2002,1,2
2003,2003,1,1
2004,2004,1,2
2005,2005,1,3
2006,2006,1,4
2007,2007,1,5
2008,2008,1,5
2009,2009,1,4
2010,2010,1,3
2011,2011,1,2
2012,2012,1,1
2013,2013,1,2
2014,2014,1,3
2015,2015,1,4
2016,2016,1,5
2017,2017,1,5
2018,2018,1,4
2019,2019,1,3
2020,2020,1,2
2021,2021,1,1
2022,2022,1,2
2023,2023,1,3
2024,2024,1,4
2025,2025,1,5
2026,2026,1,5
2027,2027,1,4
2028,2028,1,3
2029,2029,1,2
2030,2030,1,1
2031,2031,1,2
2032,2032,1,3
2033,2033,1,4
2034,2034,1,5
2035,2035,1,5
2036,2036,1,4
2037,2037,1,3
2038,2038,1,2
2039,2039,1,1
2040,2040,1,2
2041,2041,1,3
2042,2042,1,4
2043,2043,1,5
2044,2044,1,5
2045,2045,1,4
2046,2046,1,3
2047,2047,1,2
2048,2048,1,1
2049,2049,1,2
2050,2050,1,3
2051,2051,1,4
2052,2052,1,5
2053,2053,1,5
2054,2054,1,4
2055,2055,1,3
2056,2056,1,2
2057,2057,1,1
2058,2058,1,2
2059,2059,1,3
2060,2060,1,4
2061,2061,1,5
2062,2062,1,5
2063,2063,1,4
2064,2064,1,3
2065,2065,1,2
2066,2066,1,1
2067,2067,1,2
2068,2068,1,3
2069,2069,1,4
2070,2070,1,5
2071,2071,1,5
2072,2072,1,4
2073,2073,1,3
2074,2074,1,2
2075,2075,1,1
2076,2076,1,2
2077,2077,1,3
2078,2078,1,4
2079,2079,1,5
2080,2080,1,5
2081,2081,1,4
2082,2082,1,3
2083,2083,1,2
2084,2084,1,1
2085,2085,1,2
2086,2086,1,3
2087,2087,1,4
2088,2088,1,5
2089,2089,1,5
2090,2090,1,4
2091,2091,1,3
2092,2092,1,2
2093,2093,1,1
2094,2094,1,2
2095,2095,1,3
2096,2096,1,4
2097,2097,1,5
2098,2098,1,5
2099,2099,1,4
2100,2100,1,3
2101,2101,1,2
2102,2102,1,1
2103,2103,1,2
2104,2104,1,3
2105,2105,1,4
2106,2106,1,5
2107,2107,1,5
2108,2108,1,4
2109,2109,1,3
2110,2110,1,2
2111,2111,1,1
2112,2112,1,2
2113,2113,1,3
2114,2114,1,4
2115,2115,1,5
2116,2116,1,5
2117,2117,1,4
2118,2118,1,3
2119,2119,1,2
2120,2120,1,1
2121,2121,1,2
2122,2122,1,3
2123,2123,1,4
2124,2124,1,5
2125,2125,1,5
2126,2126,1,4
2127,2127,1,3
2128,2128,1,2
2129,2129,1,1
2130,2130,1,2
2131,2131,1,3
2132,2132,1,4
2133,2133,1,5
2134,2134,1,5
2135,2135,1,4
2136,2136,1,3
2137,2137,1,2
2138,2138,1,1
2139,2139,1,2
2140,2140,1,3
2141,2141,1,4
2142,2142,1,5
2143,2143,1,5
2144,2144,1,4
2145,2145,1,3
2146,2146,1,2
2147,2147,1,1
2148,2148,1,2
2149,2149,1,3
2150,2150,1,4
2151,2151,1,5
2152,2152,1,5
2153,2153,1,4
2154,2154,1,3
2155,2155,1,2
2156,2156,1,1
2157,2157,1,2
2158,2158,1,3
2159,2159,1,4
2160,2160,1,5
2161,2161,1,5
2162,2162,1,4
2163,2163,1,3
2164,2164,1,2
2165,2165,1,1
2166,2166,1,2
2167,2167,1,3
2168,2168,1,4
2169,2169,1,5
2170,2170,1,5
2171,2171,1,4
2172,2172,1,3
2173,2173,1,2
2174,2174,1,1
2175,2175,1,2
2176,2176,1,3
2177,2177,1,4
2178,2178,1,5
2179,2179,1,5
2180,2180,1,4
2181,2181,1,3
2182,2182,1,2
2183,2183,1,1
2184,2184,1,2
2185,2185,1,3
2186,2186,1,4
2187,2187,1,5
2188,2188,1,5
2189,2189,1,4
2190,2190,1,3
2191,2191,1,2
2192,2192,1,1
2193,2193,1,2
2194,2194,1,3
2195,2195,1,4
2196,2196,1,5
2197,2197,1,5
2198,2198,1,4
2199,2199,1,3
2200,2200,1,2
2201,2201,1,1
2202,2202,1,2
2203,2203,1,3
2204,2204,1,4
2205,2205,1,5
2206,2206,1,5
2207,2207,1,4
2208,2208,1,3
2209,2209,1,2
2210,2210,1,1
2211,2211,1,2
2212,2212,1,3
2213,2213,1,4
2214,2214,1,5
2215,2215,1,5
2216,2216,1,4
2217,2217,1,3
2218,2218,1,2
2219,2219,1,1
2220,2220,1,2
2221,2221,1,3
2222,2222,1,4
2223,2223,1,5
2224,2224,1,5
2225,2225,1,4
2226,2226,1,3
2227,2227,1,2
2228,2228,1,1
2229,2229,1,2
2230,2230,1,3
2231,2231,1,4
2232,2232,1,5
2233,2233,1,5
2234,2234,1,4
2235,2235,1,3
2236,2236,1,2
2237,2237,1,1
2238,2238,1,2
2239,2239,1,3
2240,2240,1,4
2241,2241,1,5
2242,2242,1,5
2243,2243,1,4
2244,2244,1,3
2245,2245,1,2
2246,2246,1,1
2247,2247,1,2
2248,2248,1,3
2249,2249,1,4
2250,2250,1,5
2251,2251,1,5
2252,2252,1,4
2253,2253,1,3
2254,2254,1,2
2255,2255,1,1
2256,2256,1,2
2257,2257,1,3
2258,2258,1,4
2259,2259,1,5
2260,2260,1,5
2261,2261,1,4
2262,2262,1,3
2263,2263,1,2
2264,2264,1,1
2265,2265,1,2
2266,2266,1,3
2267,2267,1,4
2268,2268,1,5
2269,2269,1,5
2270,2270,1,4
2271,2271,1,3
2272,2272,1,2
2273,2273,1,1
2274,2274,1,2
2275,2275,1,3
2276,2276,1,4
2277,2277,1,5
2278,2278,1,5
2279,2279,1,4
2280,2280,1,3
2281,2281,1,2
2282,2282,1,1
2283,2283,1,2
2284,2284,1,3
2285,2285,1,4
2286,2286,1,5
2287,2287,1,5
2288,2288,1,4
2289,2289,1,3
2290,2290,1,2
2291,2291,1,1
2292,2292,1,2
2293,2293,1,3
2294,2294,1,4
2295,2295,1,5
2296,2296,1,5
2297,2297,1,4
2298,2298,1,3
2299,2299,1,2
2300,2300,1,1
2301,2301,1,2
2302,2302,1,3
2303,2303,1,4
2304,2304,1,5
2305,2305,1,5
2306,2306,1,4
2307,2307,1,3
2308,2308,1,2
2309,2309,1,1
2310,2310,1,2
2311,2311,1,3
2312,2312,1,4
2313,2313,1,5
2314,2314,1,5
2315,2315,1,4
2316,2316,1,3
2317,2317,1,2
2318,2318,1,1
2319,2319,1,2
2320,2320,1,3
2321,2321,1,4
2322,2322,1,5
2323,2323,1,5
2324,2324,1,4
2325,2325,1,3
2326,2326,1,2
2327,2327,1,1
2328,2328,1,2
2329,2329,1,3
2330,2330,1,4
2331,2331,1,5
2332,2332,1,5
2333,2333,1,4
2334,2334,1,3
2335,2335,1,2
2336,2336,1,1
2337,2337,1,2
2338,2338,1,3
2339,2339,1,4
2340,2340,1,5
2341,2341,1,5
2342,2342,1,4
2343,2343,1,3
2344,2344,1,2
2345,2345,1,1
2346,2346,1,2
2347,2347,1,3
2348,2348,1,4
2349,2349,1,5
2350,2350,1,5
2351,2351,1,4
2352,2352,1,3
2353,2353,1,2
2354,2354,1,1
2355,2355,1,2
2356,2356,1,3
2357,2357,1,4
2358,2358,1,5
2359,2359,1,5
2360,2360,1,4
2361,2361,1,3
2362,2362,1,2
2363,2363,1,1
2364,2364,1,2
2365,2365,1,3
2366,2366,1,4
2367,2367,1,5
2368,2368,1,5
2369,2369,1,4
2370,2370,1,3
2371,2371,1,2
2372,2372,1,1
2373,2373,1,2
2374,2374,1,3
2375,2375,1,4
2376,2376,1,5
2377,2377,1,5
2378,2378,1,4
2379,2379,1,3
2380,2380,1,2
2381,2381,1,1
2382,2382,1,2
2383,2383,1,3
2384,2384,1,4
2385,2385,1,5
2386,2386,1,5
2387,2387,1,4
2388,2388,1,3
2389,2389,1,2
2390,2390,1,1
2391,2391,1,2
2392,2392,1,3
2393,2393,1,4
2394,2394,1,5
2395,2395,1,5
2396,2396,1,4
2397,2397,1,3
2398,2398,1,2
2399,2399,1,1
2400,2400,1,2
2401,2401,1,3
2402,2402,1,4
2403,2403,1,5
2404,2404,1,5
2405,2405,1,4
2406,2406,1,3
2407,2407,1,2
2408,2408,1,1
2409,2409,1,2
2410,2410,1,3
2411,2411,1,4
2412,2412,1,5
2413,2413,1,5
2414,2414,1,4
2415,2415,1,3
2416,2416,1,2
2417,2417,1,1
2418,2418,1,2
2419,2419,1,3
2420,2420,1,4
2421,2421,1,5
2422,2422,1,5
2423,2423,1,4
2424,2424,1,3
2425,2425,1,2
2426,2426,1,1
2427,2427,1,2
2428,2428,1,3
2429,2429,1,4
2430,2430,1,5
2431,2431,1,5
2432,2432,1,4
2433,2433,1,3
2434,2434,1,2
2435,2435,1,1
2436,2436,1,2
2437,2437,1,3
2438,2438,1,4
2439,2439,1,5
2440,2440,1,5
2441,2441,1,4
2442,2442,1,3
2443,2443,1,2
2444,2444,1,1
2445,2445,1,2
2446,2446,1,3
2447,2447,1,4
2448,2448,1,5
2449,2449,1,5
2450,2450,1,4
2451,2451,1,3
2452,2452,1,2
2453,2453,1,1
2454,2454,1,2
2455,2455,1,3
2456,2456,1,4
2457,2457,1,5
2458,2458,1,5
2459,2459,1,4
2460,2460,1,3
2461,2461,1,2
2462,2462,1,1
2463,2463,1,2
2464,2464,1,3
2465,2465,1,4
2466,2466,1,5
2467,2467,1,5
2468,2468,1,4
2469,2469,1,3
2470,2470,1,2
2471,2471,1,1
2472,2472,1,2
2473,2473,1,3
2474,2474,1,4
2475,2475,1,5
2476,2476,1,5
2477,2477,1,4
2478,2478,1,3
2479,2479,1,2
2480,2480,1,1
2481,2481,1,2
2482,2482,1,3
2483,2483,1,4
2484,2484,1,5
2485,2485,1,5
2486,2486,1,4
2487,2487,1,3
2488,2488,1,2
2489,2489,1,1
2490,2490,1,2
2491,2491,1,3
2492,2492,1,4
2493,2493,1,5
2494,2494,1,5
2495,2495,1,4
2496,2496,1,3
2497,2497,1,2
2498,2498,1,1
2499,2499,1,2
2500,2500,1,3
2501,2501,1,4
2502,2502,1,5
2503,2503,1,5
2504,2504,1,4
2505,2505,1,3
2506,2506,1,2
2507,2507,1,1
2508,2508,1,2
2509,2509,1,3
2510,2510,1,4
2511,2511,1,5
2512,2512,1,5
2513,2513,1,4
2514,2514,1,3
2515,2515,1,2
2516,2516,1,1
2517,2517,1,2
2518,2518,1,3
2519,2519,1,4
2520,2520,1,5
2521,2521,1,5
2522,2522,1,4
2523,2523,1,3
2524,2524,1,2
2525,2525,1,1
2526,2526,1,2
2527,2527,1,3
2528,2528,1,4
2529,2529,1,5
2530,2530,1,5
2531,2531,1,4
2532,2532,1,3
2533,2533,1,2
2534,2534,1,1
2535,2535,1,2
2536,2536,1,3
2537,2537,1,4
2538,2538,1,5
2539,2539,1,5
2540,2540,1,4
2541,2541,1,3
2542,2542,1,2
2543,2543,1,1
2544,2544,1,2
2545,2545,1,3
2546,2546,1,4
2547,2547,1,5
2548,2548,1,5
2549,2549,1,4
2550,2550,1,3
2551,2551,1,2
2552,2552,1,1
2553,2553,1,2
2554,2554,1,3
2555,2555,1,4
2556,2556,1,5
2557,2557,1,5
2558,2558,1,4
2559,2559,1,3
2560,2560,1,2
2561,2561,1,1
2562,2562,1,2
2563,2563,1,3
2564,2564,1,4
2565,2565,1,5
2566,2566,1,5
2567,2567,1,4
2568,2568,1,3
2569,2569,1,2
2570,2570,1,1
2571,2571,1,2
2572,2572,1,3
2573,2573,1,4
2574,2574,1,5
2575,2575,1,5
2576,2576,1,4
2577,2577,1,3
2578,2578,1,2
2579,2579,1,1
2580,2580,1,2
2581,2581,1,3
2582,2582,1,4
2583,2583,1,5
2584,2584,1,5
2585,2585,1,4
2586,2586,1,3
2587,2587,1,2
2588,2588,1,1
2589,2589,1,2
2590,2590,1,3
2591,2591,1,4
2592,2592,1,5
2593,2593,1,5
2594,2594,1,4
2595,2595,1,3
2596,2596,1,2
2597,2597,1,1
2598,2598,1,2
2599,2599,1,3
2600,2600,1,4
2601,2601,1,5
2602,2602,1,5
2603,2603,1,4
2604,2604,1,3
2605,2605,1,2
2606,2606,1,1
2607,2607,1,2
2608,2608,1,3
2609,2609,1,4
2610,2610,1,5
2611,2611,1,5
2612,2612,1,4
2613,2613,1,3
2614,2614,1,2
2615,2615,1,1
2616,2616,1,2
2617,2617,1,3
2618,2618,1,4
2619,2619,1,5
2620,2620,1,5
2621,2621,1,4
2622,2622,1,3
2623,2623,1,2
2624,2624,1,1
2625,2625,1,2
2626,2626,1,3
2627,2627,1,4
2628,2628,1,5
2629,2629,1,5
2630,2630,1,4
2631,2631,1,3
2632,2632,1,2
2633,2633,1,1
2634,2634,1,2
2635,2635,1,3
2636,2636,1,4
2637,2637,1,5
2638,2638,1,5
2639,2639,1,4
2640,2640,1,3
2641,2641,1,2
2642,2642,1,1
2643,2643,1,2
2644,2644,1,3
2645,2645,1,4
2646,2646,1,5
2647,2647,1,5
2648,2648,1,4
2649,2649,1,3
2650,2650,1,2
2651,2651,1,1
2652,2652,1,2
2653,2653,1,3
2654,2654,1,4
2655,2655,1,5
2656,2656,1,5
2657,2657,1,4
2658,2658,1,3
2659,2659,1,2
2660,2660,1,1
2661,2661,1,2
2662,2662,1,3
2663,2663,1,4
2664,2664,1,5
2665,2665,1,5
2666,2666,1,4
2667,2667,1,3
2668,2668,1,2
2669,2669,1,1
2670,2670,1,2
2671,2671,1,3
2672,2672,1,4
2673,2673,1,5
2674,2674,1,5
2675,2675,1,4
2676,2676,1,3
2677,2677,1,2
2678,2678,1,1
2679,2679,1,2
2680,2680,1,3
2681,2681,1,4
2682,2682,1,5
2683,2683,1,5
2684,2684,1,4
2685,2685,1,3
2686,2686,1,2
2687,2687,1,1
2688,2688,1,2
2689,2689,1,3
2690,2690,1,4
2691,2691,1,5
2692,2692,1,5
2693,2693,1,4
2694,2694,1,3
2695,2695,1,2
2696,2696,1,1
2697,2697,1,2
2698,2698,1,3
2699,2699,1,4
2700,2700,1,5
2701,2701,1,5
2702,2702,1,4
2703,2703,1,3
2704,2704,1,2
2705,2705,1,1
2706,2706,1,2
2707,2707,1,3
2708,2708,1,4
2709,2709,1,5
2710,2710,1,5
2711,2711,1,4
2712,2712,1,3
2713,2713,1,2
2714,2714,1,1
2715,2715,1,2
2716,2716,1,3
2717,2717,1,4
2718,2718,1,5
2719,2719,1,5
2720,2720,1,4
2721,2721,1,3
2722,2722,1,2
2723,2723,1,1
2724,2724,1,2
2725,2725,1,3
2726,2726,1,4
2727,2727,1,5
2728,2728,1,5
2729,2729,1,4
2730,2730,1,3
2731,2731,1,2
2732,2732,1,1
2733,2733,1,2
2734,2734,1,3
2735,2735,1,4
2736,2736,1,5
2737,2737,1,5
2738,2738,1,4
2739,2739,1,3
2740,2740,1,2
2741,2741,1,1
2742,2742,1,2
2743,2743,1,3
2744,2744,1,4
2745,2745,1,5
2746,2746,1,5
2747,2747,1,4
2748,2748,1,3
2749,2749,1,2
2750,2750,1,1
2751,2751,1,2
2752,2752,1,3
2753,2753,1,4
2754,2754,1,5
2755,2755,1,5
2756,2756,1,4
2757,2757,1,3
2758,2758,1,2
2759,2759,1,1
2760,2760,1,2
2761,2761,1,3
2762,2762,1,4
2763,2763,1,5
2764,2764,1,5
2765,2765,1,4
2766,2766,1,3
2767,2767,1,2
2768,2768,1,1
2769,2769,1,2
2770,2770,1,3
2771,2771,1,4
2772,2772,1,5
2773,2773,1,5
2774,2774,1,4
2775,2775,1,3
2776,2776,1,2
2777,2777,1,1
2778,2778,1,2
2779,2779,1,3
2780,2780,1,4
2781,2781,1,5
2782,2782,1,5
2783,2783,1,4
2784,2784,1,3
2785,2785,1,2
2786,2786,1,1
2787,2787,1,2
2788,2788,1,3
2789,2789,1,4
2790,2790,1,5
2791,2791,1,5
2792,2792,1,4
2793,2793,1,3
2794,2794,1,2
2795,2795,1,1
2796,2796,1,2
2797,2797,1,3
2798,2798,1,4
2799,2799,1,5
2800,2800,1,5
2801,2801,1,4
2802,2802,1,3
2803,2803,1,2
2804,2804,1,1
2805,2805,1,2
2806,2806,1,3
2807,2807,1,4
2808,2808,1,5
2809,2809,1,5
2810,2810,1,4
2811,2811,1,3
2812,2812,1,2
2813,2813,1,1
2814,2814,1,2
2815,2815,1,3
2816,2816,1,4
2817,2817,1,5
2818,2818,1,5
2819,2819,1,4
2820,2820,1,3
2821,2821,1,2
2822,2822,1,1
2823,2823,1,2
2824,2824,1,3
2825,2825,1,4
2826,2826,1,5
2827,2827,1,5
2828,2828,1,4
2829,2829,1,3
2830,2830,1,2
2831,2831,1,1
2832,2832,1,2
2833,2833,1,3
2834,2834,1,4
2835,2835,1,5
2836,2836,1,5
2837,2837,1,4
2838,2838,1,3
2839,2839,1,2
2840,2840,1,1
2841,2841,1,2
2842,2842,1,3
2843,2843,1,4
2844,2844,1,5
2845,2845,1,5
2846,2846,1,4
2847,2847,1,3
2848,2848,1,2
2849,2849,1,1
2850,2850,1,2
2851,2851,1,3
2852,2852,1,4
2853,2853,1,5
2854,2854,1,5
2855,2855,1,4
2856,2856,1,3
2857,2857,1,2
2858,2858,1,1
2859,2859,1,2
2860,2860,1,3
2861,2861,1,4
2862,2862,1,5
2863,2863,1,5
2864,2864,1,4
2865,2865,1,3
2866,2866,1,2
2867,2867,1,1
2868,2868,1,2
2869,2869,1,3
2870,2870,1,4
2871,2871,1,5
2872,2872,1,5
2873,2873,1,4
2874,2874,1,3
2875,2875,1,2
2876,2876,1,1
2877,2877,1,2
2878,2878,1,3
2879,2879,1,4
2880,2880,1,5
2881,2881,1,5
2882,2882,1,4
2883,2883,1,3
2884,2884,1,2
2885,2885,1,1
2886,2886,1,2
2887,2887,1,3
2888,2888,1,4
2889,2889,1,5
2890,2890,1,5
2891,2891,1,4
2892,2892,1,3
2893,2893,1,2
2894,2894,1,1
2895,2895,1,2
2896,2896,1,3
2897,2897,1,4
2898,2898,1,5
2899,2899,1,5
2900,2900,1,4
2901,2901,1,3
2902,2902,1,2
2903,2903,1,1
2904,2904,1,2
2905,2905,1,3
2906,2906,1,4
2907,2907,1,5
2908,2908,1,5
2909,2909,1,4
2910,2910,1,3
2911,2911,1,2
2912,2912,1,1
2913,2913,1,2
2914,2914,1,3
2915,2915,1,4
2916,2916,1,5
2917,2917,1,5
2918,2918,1,4
2919,2919,1,3
2920,2920,1,2
2921,2921,1,1
2922,2922,1,2
2923,2923,1,3
2924,2924,1,4
2925,2925,1,5
2926,2926,1,5
2927,2927,1,4
2928,2928,1,3
2929,2929,1,2
2930,2930,1,1
2931,2931,1,2
2932,2932,1,3
2933,2933,1,4
2934,2934,1,5
2935,2935,1,5
2936,2936,1,4
2937,2937,1,3
2938,2938,1,2
2939,2939,1,1
2940,2940,1,2
2941,2941,1,3
2942,2942,1,4
2943,2943,1,5
2944,2944,1,5
2945,2945,1,4
2946,2946,1,3
2947,2947,1,2
2948,2948,1,1
2949,2949,1,2
2950,2950,1,3
2951,2951,1,4
2952,2952,1,5
2953,2953,1,5
2954,2954,1,4
2955,2955,1,3
2956,2956,1,2
2957,2957,1,1
2958,2958,1,2
2959,2959,1,3
2960,2960,1,4
2961,2961,1,5
2962,2962,1,5
2963,2963,1,4
2964,2964,1,3
2965,2965,1,2
2966,2966,1,1
2967,2967,1,2
2968,2968,1,3
2969,2969,1,4
2970,2970,1,5
2971,2971,1,5
2972,2972,1,4
2973,2973,1,3
2974,2974,1,2
2975,2975,1,1
2976,2976,1,2
2977,2977,1,3
2978,2978,1,4
2979,2979,1,5
2980,2980,1,5
2981,2981,1,4
2982,2982,1,3
2983,2983,1,2
2984,2984,1,1
2985,2985,1,2
2986,2986,1,3
2987,2987,1,4
2988,2988,1,5
2989,2989,1,5
2990,2990,1,4
2991,2991,1,3
2992,2992,1,2
2993,2993,1,1
2994,2994,1,2
2995,2995,1,3
2996,2996,1,4
2997,2997,1,5
2998,2998,1,5
2999,2999,1,4
3000,3000,1,3
3001,3001,1,2
3002,3002,1,1
3003,3003,1,2
3004,3004,1,3
3005,3005,1,4
3006,3006,1,5
3007,3007,1,5
3008,3008,1,4
3009,3009,1,3
3010,3010,1,2
3011,3011,1,1
3012,3012,1,2
3013,3013,1,3
3014,3014,1,4
3015,3015,1,5
3016,3016,1,5
3017,3017,1,4
3018,3018,1,3
3019,3019,1,2
3020,3020,1,1
3021,3021,1,2
3022,3022,1,3
3023,3023,1,4
3024,3024,1,5
3025,3025,1,5
3026,3026,1,4
3027,3027,1,3
3028,3028,1,2
3029,3029,1,1
3030,3030,1,2
3031,3031,1,3
3032,3032,1,4
3033,3033,1,5
3034,3034,1,5
3035,3035,1,4
3036,3036,1,3
3037,3037,1,2
3038,3038,1,1
3039,3039,1,2
3040,3040,1,3
3041,3041,1,4
3042,3042,1,5
3043,3043,1,5
3044,3044,1,4
3045,3045,1,3
3046,3046,1,2
3047,3047,1,1
3048,3048,1,2
3049,3049,1,3
3050,3050,1,4
3051,3051,1,5
3052,3052,1,5
3053,3053,1,4
3054,3054,1,3
3055,3055,1,2
3056,3056,1,1
3057,3057,1,2
3058,3058,1,3
3059,3059,1,4
3060,3060,1,5
3061,3061,1,5
3062,3062,1,4
3063,3063,1,3
3064,3064,1,2
3065,3065,1,1
3066,3066,1,2
3067,3067,1,3
3068,3068,1,4
3069,3069,1,5
3070,3070,1,5
3071,3071,1,4
3072,3072,1,3
3073,3073,1,2
3074,3074,1,1
3075,3075,1,2
3076,3076,1,3
3077,3077,1,4
3078,3078,1,5
3079,3079,1,5
3080,3080,1,4
3081,3081,1,3
3082,3082,1,2
3083,3083,1,1
3084,3084,1,2
3085,3085,1,3
3086,3086,1,4
3087,3087,1,5
3088,3088,1,5
3089,3089,1,4
3090,3090,1,3
3091,3091,1,2
3092,3092,1,1
3093,3093,1,2
3094,3094,1,3
3095,3095,1,4
3096,3096,1,5
3097,3097,1,5
3098,3098,1,4
3099,3099,1,3
3100,3100,1,2
3101,3101,1,1
3102,3102,1,2
3103,3103,1,3
3104,3104,1,4
3105,3105,1,5
3106,3106,1,5
3107,3107,1,4
3108,3108,1,3
3109,3109,1,2
3110,3110,1,1
3111,3111,1,2
3112,3112,1,3
3113,3113,1,4
3114,3114,1,5
3115,3115,1,5
3116,3116,1,4
3117,3117,1,3
3118,3118,1,2
3119,3119,1,1
3120,3120,1,2
3121,3121,1,3
3122,3122,1,4
3123,3123,1,5
3124,3124,1,5
3125,3125,1,4
3126,3126,1,3
3127,3127,1,2
3128,3128,1,1
3129,3129,1,2
3130,3130,1,3
3131,3131,1,4
3132,3132,1,5
3133,3133,1,5
3134,3134,1,4
3135,3135,1,3
3136,3136,1,2
3137,3137,1,1
3138,3138,1,2
3139,3139,1,3
3140,3140,1,4
3141,3141,1,5
3142,3142,1,5
3143,3143,1,4
3144,3144,1,3
3145,3145,1,2
3146,3146,1,1
3147,3147,1,2
3148,3148,1,3
3149,3149,1,4
3150,3150,1,5
3151,3151,1,5
3152,3152,1,4
3153,3153,1,3
3154,3154,1,2
3155,3155,1,1
3156,3156,1,2
3157,3157,1,3
3158,3158,1,4
3159,3159,1,5
3160,3160,1,5
3161,3161,1,4
3162,3162,1,3
3163,3163,1,2
3164,3164,1,1
3165,3165,1,2
3166,3166,1,3
3167,3167,1,4
3168,3168,1,5
3169,3169,1,5
3170,3170,1,4
3171,3171,1,3
3172,3172,1,2
3173,3173,1,1
3174,3174,1,2
3175,3175,1,3
3176,3176,1,4
3177,3177,1,5
3178,3178,1,5
3179,3179,1,4
3180,3180,1,3
3181,3181,1,2
3182,3182,1,1
3183,3183,1,2
3184,3184,1,3
3185,3185,1,4
3186,3186,1,5
3187,3187,1,5
3188,3188,1,4
3189,3189,1,3
3190,3190,1,2
3191,3191,1,1
3192,3192,1,2
3193,3193,1,3
3194,3194,1,4
3195,3195,1,5
3196,3196,1,5
3197,3197,1,4
3198,3198,1,3
3199,3199,1,2
3200,3200,1,1
3201,3201,1,2
3202,3202,1,3
3203,3203,1,4
3204,3204,1,5
3205,3205,1,5
3206,3206,1,4
3207,3207,1,3
3208,3208,1,2
3209,3209,1,1
3210,3210,1,2
3211,3211,1,3
3212,3212,1,4
3213,3213,1,5
3214,3214,1,5
3215,3215,1,4
3216,3216,1,3
3217,3217,1,2
3218,3218,1,1
3219,3219,1,2
3220,3220,1,3
3221,3221,1,4
3222,3222,1,5
3223,3223,1,5
3224,3224,1,4
3225,3225,1,3
3226,3226,1,2
3227,3227,1,1
3228,3228,1,2
3229,3229,1,3
3230,3230,1,4
3231,3231,1,5
3232,3232,1,5
3233,3233,1,4
3234,3234,1,3
3235,3235,1,2
3236,3236,1,1
3237,3237,1,2
3238,3238,1,3
3239,3239,1,4
3240,3240,1,5
3241,3241,1,5
3242,3242,1,4
3243,3243,1,3
3244,3244,1,2
3245,3245,1,1
3246,3246,1,2
3247,3247,1,3
3248,3248,1,4
3249,3249,1,5
3250,3250,1,5
3251,3251,1,4
3252,3252,1,3
3253,3253,1,2
3254,3254,1,1
3255,3255,1,2
3256,3256,1,3
3257,3257,1,4
3258,3258,1,5
3259,3259,1,5
3260,3260,1,4
3261,3261,1,3
3262,3262,1,2
3263,3263,1,1
3264,3264,1,2
3265,3265,1,3
3266,3266,1,4
3267,3267,1,5
3268,3268,1,5
3269,3269,1,4
3270,3270,1,3
3271,3271,1,2
3272,3272,1,1
3273,3273,1,2
3274,3274,1,3
3275,3275,1,4
3276,3276,1,5
3277,3277,1,5
3278,3278,1,4
3279,3279,1,3
3280,3280,1,2
3281,3281,1,1
3282,3282,1,2
3283,3283,1,3
3284,3284,1,4
3285,3285,1,5
3286,3286,1,5
3287,3287,1,4
3288,3288,1,3
3289,3289,1,2
3290,3290,1,1
3291,3291,1,2
3292,3292,1,3
3293,3293,1,4
3294,3294,1,5
3295,3295,1,5
3296,3296,1,4
3297,3297,1,3
3298,3298,1,2
3299,3299,1,1
3300,3300,1,2
3301,3301,1,3
3302,3302,1,4
3303,3303,1,5
3304,3304,1,5
3305,3305,1,4
3306,3306,1,3
3307,3307,1,2
3308,3308,1,1
3309,3309,1,2
3310,3310,1,3
3311,3311,1,4
3312,3312,1,5
3313,3313,1,5
3314,3314,1,4
3315,3315,1,3
3316,3316,1,2
3317,3317,1,1
3318,3318,1,2
3319,3319,1,3
3320,3320,1,4
3321,3321,1,5
3322,3322,1,5
3323,3323,1,4
3324,3324,1,3
3325,3325,1,2
3326,3326,1,1
3327,3327,1,2
3328,3328,1,3
3329,3329,1,4
3330,3330,1,5
3331,3331,1,5
3332,3332,1,4
3333,3333,1,3
3334,3334,1,2
3335,3335,1,1
3336,3336,1,2
3337,3337,1,3
3338,3338,1,4
3339,3339,1,5
3340,3340,1,5
3341,3341,1,4
3342,3342,1,3
3343,3343,1,2
3344,3344,1,1
3345,3345,1,2
3346,3346,1,3
3347,3347,1,4
3348,3348,1,5
3349,3349,1,5
3350,3350,1,4
3351,3351,1,3
3352,3352,1,2
3353,3353,1,1
3354,3354,1,2
3355,3355,1,3
3356,3356,1,4
3357,3357,1,5
3358,3358,1,5
3359,3359,1,4
3360,3360,1,3
3361,3361,1,2
3362,3362,1,1
3363,3363,1,2
3364,3364,1,3
3365,3365,1,4
3366,3366,1,5
3367,3367,1,5
3368,3368,1,4
3369,3369,1,3
3370,3370,1,2
3371,3371,1,1
3372,3372,1,2
3373,3373,1,3
3374,3374,1,4
3375,3375,1,5
3376,3376,1,5
3377,3377,1,4
3378,3378,1,3
3379,3379,1,2
3380,3380,1,1
3381,3381,1,2
3382,3382,1,3
3383,3383,1,4
3384,3384,1,5
3385,3385,1,5
3386,3386,1,4
3387,3387,1,3
3388,3388,1,2
3389,3389,1,1
3390,3390,1,2
3391,3391,1,3
3392,3392,1,4
3393,3393,1,5
3394,3394,1,5
3395,3395,1,4
3396,3396,1,3
3397,3397,1,2
3398,3398,1,1
3399,3399,1,2
3400,3400,1,3
3401,3401,1,4
3402,3402,1,5
3403,3403,1,5
3404,3404,1,4
3405,3405,1,3
3406,3406,1,2
3407,3407,1,1
3408,3408,1,2
3409,3409,1,3
3410,3410,1,4
3411,3411,1,5
3412,3412,1,5
3413,3413,1,4
3414,3414,1,3
3415,3415,1,2
3416,3416,1,1
3417,3417,1,2
3418,3418,1,3
3419,3419,1,4
3420,3420,1,5
3421,3421,1,5
3422,3422,1,4
3423,3423,1,3
3424,3424,1,2
3425,3425,1,1
3426,3426,1,2
3427,3427,1,3
3428,3428,1,4
3429,3429,1,5
3430,3430,1,5
3431,3431,1,4
3432,3432,1,3
3433,3433,1,2
3434,3434,1,1
3435,3435,1,2
3436,3436,1,3
3437,3437,1,4
3438,3438,1,5
3439,3439,1,5
3440,3440,1,4
3441,3441,1,3
3442,3442,1,2
3443,3443,1,1
3444,3444,1,2
3445,3445,1,3
3446,3446,1,4
3447,3447,1,5
3448,3448,1,5
3449,3449,1,4
3450,3450,1,3
3451,3451,1,2
3452,3452,1,1
3453,3453,1,2
3454,3454,1,3
3455,3455,1,4
3456,3456,1,5
3457,3457,1,5
3458,3458,1,4
3459,3459,1,3
3460,3460,1,2
3461,3461,1,1
3462,3462,1,2
3463,3463,1,3
3464,3464,1,4
3465,3465,1,5
3466,3466,1,5
3467,3467,1,4
3468,3468,1,3
3469,3469,1,2
3470,3470,1,1
3471,3471,1,2
3472,3472,1,3
3473,3473,1,4
3474,3474,1,5
3475,3475,1,5
3476,3476,1,4
3477,3477,1,3
3478,3478,1,2
3479,3479,1,1
3480,3480,1,2
3481,3481,1,3
3482,3482,1,4
3483,3483,1,5
3484,3484,1,5
3485,3485,1,4
3486,3486,1,3
3487,3487,1,2
3488,3488,1,1
3489,3489,1,2
3490,3490,1,3
3491,3491,1,4
3492,3492,1,5
3493,3493,1,5
3494,3494,1,4
3495,3495,1,3
3496,3496,1,2
3497,3497,1,1
3498,3498,1,2
3499,3499,1,3
3500,3500,1,4
3501,3501,1,5
3502,3502,1,5
3503,3503,1,4
3504,3504,1,3
3505,3505,1,2
3506,3506,1,1
3507,3507,1,2
3508,3508,1,3
3509,3509,1,4
3510,3510,1,5
3511,3511,1,5
3512,3512,1,4
3513,3513,1,3
3514,3514,1,2
3515,3515,1,1
3516,3516,1,2
3517,3517,1,3
3518,3518,1,4
3519,3519,1,5
3520,3520,1,5
3521,3521,1,4
3522,3522,1,3
3523,3523,1,2
3524,3524,1,1
3525,3525,1,2
3526,3526,1,3
3527,3527,1,4
3528,3528,1,5
3529,3529,1,5
3530,3530,1,4
3531,3531,1,3
3532,3532,1,2
3533,3533,1,1
3534,3534,1,2
3535,3535,1,3
3536,3536,1,4
3537,3537,1,5
3538,3538,1,5
3539,3539,1,4
3540,3540,1,3
3541,3541,1,2
3542,3542,1,1
3543,3543,1,2
3544,3544,1,3
3545,3545,1,4
3546,3546,1,5
3547,3547,1,5
3548,3548,1,4
3549,3549,1,3
3550,3550,1,2
3551,3551,1,1
3552,3552,1,2
3553,3553,1,3
3554,3554,1,4
3555,3555,1,5
3556,3556,1,5
3557,3557,1,4
3558,3558,1,3
3559,3559,1,2
3560,3560,1,1
3561,3561,1,2
3562,3562,1,3
3563,3563,1,4
3564,3564,1,5
3565,3565,1,5
3566,3566,1,4
3567,3567,1,3
3568,3568,1,2
3569,3569,1,1
3570,3570,1,2
3571,3571,1,3
3572,3572,1,4
3573,3573,1,5
3574,3574,1,5
3575,3575,1,4
3576,3576,1,3
3577,3577,1,2
3578,3578,1,1
3579,3579,1,2
3580,3580,1,3
3581,3581,1,4
3582,3582,1,5
3583,3583,1,5
3584,3584,1,4
3585,3585,1,3
3586,3586,1,2
3587,3587,1,1
3588,3588,1,2
3589,3589,1,3
3590,3590,1,4
3591,3591,1,5
3592,3592,1,5
3593,3593,1,4
3594,3594,1,3
3595,3595,1,2
3596,3596,1,1
3597,3597,1,2
3598,3598,1,3
3599,3599,1,4
3600,3600,1,5
3601,3601,1,5
3602,3602,1,4
3603,3603,1,3
3604,3604,1,2
3605,3605,1,1
3606,3606,1,2
3607,3607,1,3
3608,3608,1,4
3609,3609,1,5
3610,3610,1,5
3611,3611,1,4
3612,3612,1,3
3613,3613,1,2
3614,3614,1,1
3615,3615,1,2
3616,3616,1,3
3617,3617,1,4
3618,3618,1,5
3619,3619,1,5
3620,3620,1,4
3621,3621,1,3
3622,3622,1,2
3623,3623,1,1
3624,3624,1,2
3625,3625,1,3
3626,3626,1,4
3627,3627,1,5
3628,3628,1,5
3629,3629,1,4
3630,3630,1,3
3631,3631,1,2
3632,3632,1,1
3633,3633,1,2
3634,3634,1,3
3635,3635,1,4
3636,3636,1,5
3637,3637,1,5
3638,3638,1,4
3639,3639,1,3
3640,3640,1,2
3641,3641,1,1
3642,3642,1,2
3643,3643,1,3
3644,3644,1,4
3645,3645,1,5
3646,3646,1,5
3647,3647,1,4
3648,3648,1,3
3649,3649,1,2
3650,3650,1,1
3651,3651,1,2
3652,3652,1,3
3653,3653,1,4
3654,3654,1,5
3655,3655,1,5
3656,3656,1,4
3657,3657,1,3
3658,3658,1,2
3659,3659,1,1
3660,3660,1,2
3661,3661,1,3
3662,3662,1,4
3663,3663,1,5
3664,3664,1,5
3665,3665,1,4
3666,3666,1,3
3667,3667,1,2
3668,3668,1,1
3669,3669,1,2
3670,3670,1,3
3671,3671,1,4
3672,3672,1,5
3673,3673,1,5
3674,3674,1,4
3675,3675,1,3
3676,3676,1,2
3677,3677,1,1
3678,3678,1,2
3679,3679,1,3
3680,3680,1,4
3681,3681,1,5
3682,3682,1,5
3683,3683,1,4
3684,3684,1,3
3685,3685,1,2
3686,3686,1,1
3687,3687,1,2
3688,3688,1,3
3689,3689,1,4
3690,3690,1,5
3691,3691,1,5
3692,3692,1,4
3693,3693,1,3
3694,3694,1,2
3695,3695,1,1
3696,3696,1,2
3697,3697,1,3
3698,3698,1,4
3699,3699,1,5
3700,3700,1,5
3701,3701,1,4
3702,3702,1,3
3703,3703,1,2
3704,3704,1,1
3705,3705,1,2
3706,3706,1,3
3707,3707,1,4
3708,3708,1,5
3709,3709,1,5
3710,3710,1,4
3711,3711,1,3
3712,3712,1,2
3713,3713,1,1
3714,3714,1,2
3715,3715,1,3
3716,3716,1,4
3717,3717,1,5
3718,3718,1,5
3719,3719,1,4
3720,3720,1,3
3721,3721,1,2
3722,3722,1,1
3723,3723,1,2
3724,3724,1,3
3725,3725,1,4
3726,3726,1,5
3727,3727,1,5
3728,3728,1,4
3729,3729,1,3
3730,3730,1,2
3731,3731,1,1
3732,3732,1,2
3733,3733,1,3
3734,3734,1,4
3735,3735,1,5
3736,3736,1,5
3737,3737,1,4
3738,3738,1,3
3739,3739,1,2
3740,3740,1,1
3741,3741,1,2
3742,3742,1,3
3743,3743,1,4
3744,3744,1,5
3745,3745,1,5
3746,3746,1,4
3747,3747,1,3
3748,3748,1,2
3749,3749,1,1
3750,3750,1,2
3751,3751,1,3
3752,3752,1,4
3753,3753,1,5
3754,3754,1,5
3755,3755,1,4
3756,3756,1,3
3757,3757,1,2
3758,3758,1,1
3759,3759,1,2
3760,3760,1,3
3761,3761,1,4
3762,3762,1,5
3763,3763,1,5
3764,3764,1,4
3765,3765,1,3
3766,3766,1,2
3767,3767,1,1
3768,3768,1,2
3769,3769,1,3
3770,3770,1,4
3771,3771,1,5
3772,3772,1,5
3773,3773,1,4
3774,3774,1,3
3775,3775,1,2
3776,3776,1,1
3777,3777,1,2
3778,3778,1,3
3779,3779,1,4
3780,3780,1,5
3781,3781,1,5
3782,3782,1,4
3783,3783,1,3
3784,3784,1,2
3785,3785,1,1
3786,3786,1,2
3787,3787,1,3
3788,3788,1,4
3789,3789,1,5
3790,3790,1,5
3791,3791,1,4
3792,3792,1,3
3793,3793,1,2
3794,3794,1,1
3795,3795,1,2
3796,3796,1,3
3797,3797,1,4
3798,3798,1,5
3799,3799,1,5
3800,3800,1,4
3801,3801,1,3
3802,3802,1,2
3803,3803,1,1
3804,3804,1,2
3805,3805,1,3
3806,3806,1,4
3807,3807,1,5
3808,3808,1,5
3809,3809,1,4
3810,3810,1,3
3811,3811,1,2
3812,3812,1,1
3813,3813,1,2
3814,3814,1,3
3815,3815,1,4
3816,3816,1,5
3817,3817,1,5
3818,3818,1,4
3819,3819,1,3
3820,3820,1,2
3821,3821,1,1
3822,3822,1,2
3823,3823,1,3
3824,3824,1,4
3825,3825,1,5
3826,3826,1,5
3827,3827,1,4
3828,3828,1,3
3829,3829,1,2
3830,3830,1,1
3831,3831,1,2
3832,3832,1,3
3833,3833,1,4
3834,3834,1,5
3835,3835,1,5
3836,3836,1,4
3837,3837,1,3
3838,3838,1,2
3839,3839,1,1
3840,3840,1,2
3841,3841,1,3
3842,3842,1,4
3843,3843,1,5
3844,3844,1,5
3845,3845,1,4
3846,3846,1,3
3847,3847,1,2
3848,3848,1,1
3849,3849,1,2
3850,3850,1,3
3851,3851,1,4
3852,3852,1,5
3853,3853,1,5
3854,3854,1,4
3855,3855,1,3
3856,3856,1,2
3857,3857,1,1
3858,3858,1,2
3859,3859,1,3
3860,3860,1,4
3861,3861,1,5
3862,3862,1,5
3863,3863,1,4
3864,3864,1,3
3865,3865,1,2
3866,3866,1,1
3867,3867,1,2
3868,3868,1,3
3869,3869,1,4
3870,3870,1,5
3871,3871,1,5
3872,3872,1,4
3873,3873,1,3
3874,3874,1,2
3875,3875,1,1
3876,3876,1,2
3877,3877,1,3
3878,3878,1,4
3879,3879,1,5
3880,3880,1,5
3881,3881,1,4
3882,3882,1,3
3883,3883,1,2
3884,3884,1,1
3885,3885,1,2
3886,3886,1,3
3887,3887,1,4
3888,3888,1,5
3889,3889,1,5
3890,3890,1,4
3891,3891,1,3
3892,3892,1,2
3893,3893,1,1
3894,3894,1,2
3895,3895,1,3
3896,3896,1,4
3897,3897,1,5
3898,3898,1,5
3899,3899,1,4
3900,3900,1,3
3901,3901,1,2
3902,3902,1,1
3903,3903,1,2
3904,3904,1,3
3905,3905,1,4
3906,3906,1,5
3907,3907,1,5
3908,3908,1,4
3909,3909,1,3
3910,3910,1,2
3911,3911,1,1
3912,3912,1,2
3913,3913,1,3
3914,3914,1,4
3915,3915,1,5
3916,3916,1,5
3917,3917,1,4
3918,3918,1,3
3919,3919,1,2
3920,3920,1,1
3921,3921,1,2
3922,3922,1,3
3923,3923,1,4
3924,3924,1,5
3925,3925,1,5
3926,3926,1,4
3927,3927,1,3
3928,3928,1,2
3929,3929,1,1
3930,3930,1,2
3931,3931,1,3
3932,3932,1,4
3933,3933,1,5
3934,3934,1,5
3935,3935,1,4
3936,3936,1,3
3937,3937,1,2
3938,3938,1,1
3939,3939,1,2
3940,3940,1,3
3941,3941,1,4
3942,3942,1,5
3943,3943,1,5
3944,3944,1,4
3945,3945,1,3
3946,3946,1,2
3947,3947,1,1
3948,3948,1,2
3949,3949,1,3
3950,3950,1,4
3951,3951,1,5
3952,3952,1,5
3953,3953,1,4
3954,3954,1,3
3955,3955,1,2
3956,3956,1,1
3957,3957,1,2
3958,3958,1,3
3959,3959,1,4
3960,3960,1,5
3961,3961,1,5
3962,3962,1,4
3963,3963,1,3
3964,3964,1,2
3965,3965,1,1
3966,3966,1,2
3967,3967,1,3
3968,3968,1,4
3969,3969,1,5
3970,3970,1,5
3971,3971,1,4
3972,3972,1,3
3973,3973,1,2
3974,3974,1,1
3975,3975,1,2
3976,3976,1,3
3977,3977,1,4
3978,3978,1,5
3979,3979,1,5
3980,3980,1,4
3981,3981,1,3
3982,3982,1,2
3983,3983,1,1
3984,3984,1,2
3985,3985,1,3
3986,3986,1,4
3987,3987,1,5
3988,3988,1,5
3989,3989,1,4
3990,3990,1,3
3991,3991,1,2
3992,3992,1,1
3993,3993,1,2
3994,3994,1,3
3995,3995,1,4
3996,3996,1,5
3997,3997,1,5
3998,3998,1,4
3999,3999,1,3
4000,4000,1,2
4001,4001,1,1
4002,4002,1,2
4003,4003,1,3
4004,4004,1,4
4005,4005,1,5
4006,4006,1,5
4007,4007,1,4
4008,4008,1,3
4009,4009,1,2
4010,4010,1,1
4011,4011,1,2
4012,4012,1,3
4013,4013,1,4
4014,4014,1,5
4015,4015,1,5
4016,4016,1,4
4017,4017,1,3
4018,4018,1,2
4019,4019,1,1
4020,4020,1,2
4021,4021,1,3
4022,4022,1,4
4023,4023,1,5
4024,4024,1,5
4025,4025,1,4
4026,4026,1,3
4027,4027,1,2
4028,4028,1,1
4029,4029,1,2
4030,4030,1,3
4031,4031,1,4
4032,4032,1,5
4033,4033,1,5
4034,4034,1,4
4035,4035,1,3
4036,4036,1,2
4037,4037,1,1
4038,4038,1,2
4039,4039,1,3
4040,4040,1,4
4041,4041,1,5
4042,4042,1,5
4043,4043,1,4
4044,4044,1,3
4045,4045,1,2
4046,4046,1,1
4047,4047,1,2
4048,4048,1,3
4049,4049,1,4
4050,4050,1,5
4051,4051,1,5
4052,4052,1,4
4053,4053,1,3
4054,4054,1,2
4055,4055,1,1
4056,4056,1,2
4057,4057,1,3
4058,4058,1,4
4059,4059,1,5
4060,4060,1,5
4061,4061,1,4
4062,4062,1,3
4063,4063,1,2
4064,4064,1,1
4065,4065,1,2
4066,4066,1,3
4067,4067,1,4
4068,4068,1,5
4069,4069,1,5
4070,4070,1,4
4071,4071,1,3
4072,4072,1,2
4073,4073,1,1
4074,4074,1,2
4075,4075,1,3
4076,4076,1,4
4077,4077,1,5
4078,4078,1,5
4079,4079,1,4
4080,4080,1,3
4081,4081,1,2
4082,4082,1,1
4083,4083,1,2
4084,4084,1,3
4085,4085,1,4
4086,4086,1,5
4087,4087,1,5
4088,4088,1,4
4089,4089,1,3
4090,4090,1,2
4091,4091,1,1
4092,4092,1,2
4093,4093,1,3
4094,4094,1,4
4095,4095,1,5
4096,4096,1,5
4097,4097,1,4
4098,4098,1,3
4099,4099,1,2
4100,4100,1,1
4101,4101,1,2
4102,4102,1,3
4103,4103,1,4
4104,4104,1,5
4105,4105,1,5
4106,4106,1,4
4107,4107,1,3
4108,4108,1,2
4109,4109,1,1
4110,4110,1,2
4111,4111,1,3
4112,4112,1,4
4113,4113,1,5
4114,4114,1,5
4115,4115,1,4
4116,4116,1,3
4117,4117,1,2
4118,4118,1,1
4119,4119,1,2
4120,4120,1,3
4121,4121,1,4
4122,4122,1,5
4123,4123,1,5
4124,4124,1,4
4125,4125,1,3
4126,4126,1,2
4127,4127,1,1
4128,4128,1,2
4129,4129,1,3
4130,4130,1,4
4131,4131,1,5
4132,4132,1,5
4133,4133,1,4
4134,4134,1,3
4135,4135,1,2
4136,4136,1,1
4137,4137,1,2
4138,4138,1,3
4139,4139,1,4
4140,4140,1,5
4141,4141,1,5
4142,4142,1,4
4143,4143,1,3
4144,4144,1,2
4145,4145,1,1
4146,4146,1,2
4147,4147,1,3
4148,4148,1,4
4149,4149,1,5
4150,4150,1,5
4151,4151,1,4
4152,4152,1,3
4153,4153,1,2
4154,4154,1,1
4155,4155,1,2
4156,4156,1,3
4157,4157,1,4
4158,4158,1,5
4159,4159,1,5
4160,4160,1,4
4161,4161,1,3
4162,4162,1,2
4163,4163,1,1
4164,4164,1,2
4165,4165,1,3
4166,4166,1,4
4167,4167,1,5
4168,4168,1,5
4169,4169,1,4
4170,4170,1,3
4171,4171,1,2
4172,4172,1,1
4173,4173,1,2
4174,4174,1,3
4175,4175,1,4
4176,4176,1,5
4177,4177,1,5
4178,4178,1,4
4179,4179,1,3
4180,4180,1,2
4181,4181,1,1
4182,4182,1,2
4183,4183,1,3
4184,4184,1,4
4185,4185,1,5
4186,4186,1,5
4187,4187,1,4
4188,4188,1,3
4189,4189,1,2
4190,4190,1,1
4191,4191,1,2
4192,4192,1,3
4193,4193,1,4
4194,4194,1,5
4195,4195,1,5
4196,4196,1,4
4197,4197,1,3
4198,4198,1,2
4199,4199,1,1
4200,4200,1,2
4201,4201,1,3
4202,4202,1,4
4203,4203,1,5
4204,4204,1,5
4205,4205,1,4
4206,4206,1,3
4207,4207,1,2
4208,4208,1,1
4209,4209,1,2
4210,4210,1,3
4211,4211,1,4
4212,4212,1,5
4213,4213,1,5
4214,4214,1,4
4215,4215,1,3
4216,4216,1,2
4217,4217,1,1
4218,4218,1,2
4219,4219,1,3
4220,4220,1,4
4221,4221,1,5
4222,4222,1,5
4223,4223,1,4
4224,4224,1,3
4225,4225,1,2
4226,4226,1,1
4227,4227,1,2
4228,4228,1,3
4229,4229,1,4
4230,4230,1,5
4231,4231,1,5
4232,4232,1,4
4233,4233,1,3
4234,4234,1,2
4235,4235,1,1
4236,4236,1,2
4237,4237,1,3
4238,4238,1,4
4239,4239,1,5
4240,4240,1,5
4241,4241,1,4
4242,4242,1,3
4243,4243,1,2
4244,4244,1,1
4245,4245,1,2
4246,4246,1,3
4247,4247,1,4
4248,4248,1,5
4249,4249,1,5
4250,4250,1,4
4251,4251,1,3
4252,4252,1,2
4253,4253,1,1
4254,4254,1,2
4255,4255,1,3
4256,4256,1,4
4257,4257,1,5
4258,4258,1,5
4259,4259,1,4
4260,4260,1,3
4261,4261,1,2
4262,4262,1,1
4263,4263,1,2
4264,4264,1,3
4265,4265,1,4
4266,4266,1,5
4267,4267,1,5
4268,4268,1,4
4269,4269,1,3
4270,4270,1,2
4271,4271,1,1
4272,4272,1,2
4273,4273,1,3
4274,4274,1,4
4275,4275,1,5
4276,4276,1,5
4277,4277,1,4
4278,4278,1,3
4279,4279,1,2
4280,4280,1,1
4281,4281,1,2
4282,4282,1,3
4283,4283,1,4
4284,4284,1,5
4285,4285,1,5
4286,4286,1,4
4287,4287,1,3
4288,4288,1,2
4289,4289,1,1
4290,4290,1,2
4291,4291,1,3
4292,4292,1,4
4293,4293,1,5
4294,4294,1,5
4295,4295,1,4
4296,4296,1,3
4297,4297,1,2
4298,4298,1,1
4299,4299,1,2
4300,4300,1,3
4301,4301,1,4
4302,4302,1,5
4303,4303,1,5
4304,4304,1,4
4305,4305,1,3
4306,4306,1,2
4307,4307,1,1
4308,4308,1,2
4309,4309,1,3
4310,4310,1,4
4311,4311,1,5
4312,4312,1,5
4313,4313,1,4
4314,4314,1,3
4315,4315,1,2
4316,4316,1,1
4317,4317,1,2
4318,4318,1,3
4319,4319,1,4
4320,4320,1,5
4321,4321,1,5
4322,4322,1,4
4323,4323,1,3
4324,4324,1,2
4325,4325,1,1
4326,4326,1,2
4327,4327,1,3
4328,4328,1,4
4329,4329,1,5
4330,4330,1,5
4331,4331,1,4
4332,4332,1,3
4333,4333,1,2
4334,4334,1,1
4335,4335,1,2
4336,4336,1,3
4337,4337,1,4
4338,4338,1,5
4339,4339,1,5
4340,4340,1,4
4341,4341,1,3
4342,4342,1,2
4343,4343,1,1
4344,4344,1,2
4345,4345,1,3
4346,4346,1,4
4347,4347,1,5
4348,4348,1,5
4349,4349,1,4
4350,4350,1,3
4351,4351,1,2
4352,4352,1,1
4353,4353,1,2
4354,4354,1,3
4355,4355,1,4
4356,4356,1,5
4357,4357,1,5
4358,4358,1,4
4359,4359,1,3
4360,4360,1,2
4361,4361,1,1
4362,4362,1,2
4363,4363,1,3
4364,4364,1,4
4365,4365,1,5
4366,4366,1,5
4367,4367,1,4
4368,4368,1,3
4369,4369,1,2
4370,4370,1,1
4371,4371,1,2
4372,4372,1,3
4373,4373,1,4
4374,4374,1,5
4375,4375,1,5
4376,4376,1,4
4377,4377,1,3
4378,4378,1,2
4379,4379,1,1
4380,4380,1,2
4381,4381,1,3
4382,4382,1,4
4383,4383,1,5
4384,4384,1,5
4385,4385,1,4
4386,4386,1,3
4387,4387,1,2
4388,4388,1,1
4389,4389,1,2
4390,4390,1,3
4391,4391,1,4
4392,4392,1,5
4393,4393,1,5
4394,4394,1,4
4395,4395,1,3
4396,4396,1,2
4397,4397,1,1
4398,4398,1,2
4399,4399,1,3
4400,4400,1,4
4401,4401,1,5
4402,4402,1,5
4403,4403,1,4
4404,4404,1,3
4405,4405,1,2
4406,4406,1,1
4407,4407,1,2
4408,4408,1,3
4409,4409,1,4
4410,4410,1,5
4411,4411,1,5
4412,4412,1,4
4413,4413,1,3
4414,4414,1,2
4415,4415,1,1
4416,4416,1,2
4417,4417,1,3
4418,4418,1,4
4419,4419,1,5
4420,4420,1,5
4421,4421,1,4
4422,4422,1,3
4423,4423,1,2
4424,4424,1,1
4425,4425,1,2
4426,4426,1,3
4427,4427,1,4
4428,4428,1,5
4429,4429,1,5
4430,4430,1,4
4431,4431,1,3
4432,4432,1,2
4433,4433,1,1
4434,4434,1,2
4435,4435,1,3
4436,4436,1,4
4437,4437,1,5
4438,4438,1,5
4439,4439,1,4
4440,4440,1,3
4441,4441,1,2
4442,4442,1,1
4443,4443,1,2
4444,4444,1,3
4445,4445,1,4
4446,4446,1,5
4447,4447,1,5
4448,4448,1,4
4449,4449,1,3
4450,4450,1,2
4451,4451,1,1
4452,4452,1,2
4453,4453,1,3
4454,4454,1,4
4455,4455,1,5
4456,4456,1,5
4457,4457,1,4
4458,4458,1,3
4459,4459,1,2
4460,4460,1,1
4461,4461,1,2
4462,4462,1,3
4463,4463,1,4
4464,4464,1,5
4465,4465,1,5
4466,4466,1,4
4467,4467,1,3
4468,4468,1,2
4469,4469,1,1
4470,4470,1,2
4471,4471,1,3
4472,4472,1,4
4473,4473,1,5
4474,4474,1,5
4475,4475,1,4
4476,4476,1,3
4477,4477,1,2
4478,4478,1,1
4479,4479,1,2
4480,4480,1,3
4481,4481,1,4
4482,4482,1,5
4483,4483,1,5
4484,4484,1,4
4485,4485,1,3
4486,4486,1,2
4487,4487,1,1
4488,4488,1,2
4489,4489,1,3
4490,4490,1,4
4491,4491,1,5
4492,4492,1,5
4493,4493,1,4
4494,4494,1,3
4495,4495,1,2
4496,4496,1,1
4497,4497,1,2
4498,4498,1,3
4499,4499,1,4
4500,4500,1,5
4501,4501,1,5
4502,4502,1,4
4503,4503,1,3
4504,4504,1,2
4505,4505,1,1
4506,4506,1,2
4507,4507,1,3
4508,4508,1,4
4509,4509,1,5
4510,4510,1,5
4511,4511,1,4
4512,4512,1,3
4513,4513,1,2
4514,4514,1,1
4515,4515,1,2
4516,4516,1,3
4517,4517,1,4
4518,4518,1,5
4519,4519,1,5
4520,4520,1,4
4521,4521,1,3
4522,4522,1,2
4523,4523,1,1
4524,4524,1,2
4525,4525,1,3
4526,4526,1,4
4527,4527,1,5
4528,4528,1,5
4529,4529,1,4
4530,4530,1,3
4531,4531,1,2
4532,4532,1,1
4533,4533,1,2
4534,4534,1,3
4535,4535,1,4
4536,4536,1,5
4537,4537,1,5
4538,4538,1,4
4539,4539,1,3
4540,4540,1,2
4541,4541,1,1
4542,4542,1,2
4543,4543,1,3
4544,4544,1,4
4545,4545,1,5
4546,4546,1,5
4547,4547,1,4
4548,4548,1,3
4549,4549,1,2
4550,4550,1,1
4551,4551,1,2
4552,4552,1,3
4553,4553,1,4
4554,4554,1,5
4555,4555,1,5
4556,4556,1,4
4557,4557,1,3
4558,4558,1,2
4559,4559,1,1
4560,4560,1,2
4561,4561,1,3
4562,4562,1,4
4563,4563,1,5
4564,4564,1,5
4565,4565,1,4
4566,4566,1,3
4567,4567,1,2
4568,4568,1,1
4569,4569,1,2
4570,4570,1,3
4571,4571,1,4
4572,4572,1,5
4573,4573,1,5
4574,4574,1,4
4575,4575,1,3
4576,4576,1,2
4577,4577,1,1
4578,4578,1,2
4579,4579,1,3
4580,4580,1,4
4581,4581,1,5
4582,4582,1,5
4583,4583,1,4
4584,4584,1,3
4585,4585,1,2
4586,4586,1,1
4587,4587,1,2
4588,4588,1,3
4589,4589,1,4
4590,4590,1,5
4591,4591,1,5
4592,4592,1,4
4593,4593,1,3
4594,4594,1,2
4595,4595,1,1
4596,4596,1,2
4597,4597,1,3
4598,4598,1,4
4599,4599,1,5
4600,4600,1,5
4601,4601,1,4
4602,4602,1,3
4603,4603,1,2
4604,4604,1,1
4605,4605,1,2
4606,4606,1,3
4607,4607,1,4
4608,4608,1,5
4609,4609,1,5
4610,4610,1,4
4611,4611,1,3
4612,4612,1,2
4613,4613,1,1
4614,4614,1,2
4615,4615,1,3
4616,4616,1,4
4617,4617,1,5
4618,4618,1,5
4619,4619,1,4
4620,4620,1,3
4621,4621,1,2
4622,4622,1,1
4623,4623,1,2
4624,4624,1,3
4625,4625,1,4
4626,4626,1,5
4627,4627,1,5
4628,4628,1,4
4629,4629,1,3
4630,4630,1,2
4631,4631,1,1
4632,4632,1,2
4633,4633,1,3
4634,4634,1,4
4635,4635,1,5
4636,4636,1,5
4637,4637,1,4
4638,4638,1,3
4639,4639,1,2
4640,4640,1,1
4641,4641,1,2
4642,4642,1,3
4643,4643,1,4
4644,4644,1,5
4645,4645,1,5
4646,4646,1,4
4647,4647,1,3
4648,4648,1,2
4649,4649,1,1
4650,4650,1,2
4651,4651,1,3
4652,4652,1,4
4653,4653,1,5
4654,4654,1,5
4655,4655,1,4
4656,4656,1,3
4657,4657,1,2
4658,4658,1,1
4659,4659,1,2
4660,4660,1,3
4661,4661,1,4
4662,4662,1,5
4663,4663,1,5
4664,4664,1,4
4665,4665,1,3
4666,4666,1,2
4667,4667,1,1
4668,4668,1,2
4669,4669,1,3
4670,4670,1,4
4671,4671,1,5
4672,4672,1,5
4673,4673,1,4
4674,4674,1,3
4675,4675,1,2
4676,4676,1,1
4677,4677,1,2
4678,4678,1,3
4679,4679,1,4
4680,4680,1,5
4681,4681,1,5
4682,4682,1,4
4683,4683,1,3
4684,4684,1,2
4685,4685,1,1
4686,4686,1,2
4687,4687,1,3
4688,4688,1,4
4689,4689,1,5
4690,4690,1,5
4691,4691,1,4
4692,4692,1,3
4693,4693,1,2
4694,4694,1,1
4695,4695,1,2
4696,4696,1,3
4697,4697,1,4
4698,4698,1,5
4699,4699,1,5
4700,4700,1,4
4701,4701,1,3
4702,4702,1,2
4703,4703,1,1
4704,4704,1,2
4705,4705,1,3
4706,4706,1,4
4707,4707,1,5
4708,4708,1,5
4709,4709,1,4
4710,4710,1,3
4711,4711,1,2
4712,4712,1,1
4713,4713,1,2
4714,4714,1,3
4715,4715,1,4
4716,4716,1,5
4717,4717,1,5
4718,4718,1,4
4719,4719,1,3
4720,4720,1,2
4721,4721,1,1
4722,4722,1,2
4723,4723,1,3
4724,4724,1,4
4725,4725,1,5
4726,4726,1,5
4727,4727,1,4
4728,4728,1,3
4729,4729,1,2
4730,4730,1,1
4731,4731,1,2
4732,4732,1,3
4733,4733,1,4
4734,4734,1,5
4735,4735,1,5
4736,4736,1,4
4737,4737,1,3
4738,4738,1,2
4739,4739,1,1
4740,4740,1,2
4741,4741,1,3
4742,4742,1,4
4743,4743,1,5
4744,4744,1,5
4745,4745,1,4
4746,4746,1,3
4747,4747,1,2
4748,4748,1,1
4749,4749,1,2
4750,4750,1,3
4751,4751,1,4
4752,4752,1,5
4753,4753,1,5
4754,4754,1,4
4755,4755,1,3
4756,4756,1,2
4757,4757,1,1
4758,4758,1,2
4759,4759,1,3
4760,4760,1,4
4761,4761,1,5
4762,4762,1,5
4763,4763,1,4
4764,4764,1,3
4765,4765,1,2
4766,4766,1,1
4767,4767,1,2
4768,4768,1,3
4769,4769,1,4
4770,4770,1,5
4771,4771,1,5
4772,4772,1,4
4773,4773,1,3
4774,4774,1,2
4775,4775,1,1
4776,4776,1,2
4777,4777,1,3
4778,4778,1,4
4779,4779,1,5
4780,4780,1,5
4781,4781,1,4
4782,4782,1,3
4783,4783,1,2
4784,4784,1,1
4785,4785,1,2
4786,4786,1,3
4787,4787,1,4
4788,4788,1,5
4789,4789,1,5
4790,4790,1,4
4791,4791,1,3
4792,4792,1,2
4793,4793,1,1
4794,4794,1,2
4795,4795,1,3
4796,4796,1,4
4797,4797,1,5
4798,4798,1,5
4799,4799,1,4
4800,4800,1,3
4801,4801,1,2
4802,4802,1,1
4803,4803,1,2
4804,4804,1,3
4805,4805,1,4
4806,4806,1,5
4807,4807,1,5
4808,4808,1,4
4809,4809,1,3
4810,4810,1,2
4811,4811,1,1
4812,4812,1,2
4813,4813,1,3
4814,4814,1,4
4815,4815,1,5
4816,4816,1,5
4817,4817,1,4
4818,4818,1,3
4819,4819,1,2
4820,4820,1,1
4821,4821,1,2
4822,4822,1,3
4823,4823,1,4
4824,4824,1,5
4825,4825,1,5
4826,4826,1,4
4827,4827,1,3
4828,4828,1,2
4829,4829,1,1
4830,4830,1,2
4831,4831,1,3
4832,4832,1,4
4833,4833,1,5
4834,4834,1,5
4835,4835,1,4
4836,4836,1,3
4837,4837,1,2
4838,4838,1,1
4839,4839,1,2
4840,4840,1,3
4841,4841,1,4
4842,4842,1,5
4843,4843,1,5
4844,4844,1,4
4845,4845,1,3
4846,4846,1,2
4847,4847,1,1
4848,4848,1,2
4849,4849,1,3
4850,4850,1,4
4851,4851,1,5
4852,4852,1,5
4853,4853,1,4
4854,4854,1,3
4855,4855,1,2
4856,4856,1,1
4857,4857,1,2
4858,4858,1,3
4859,4859,1,4
4860,4860,1,5
4861,4861,1,5
4862,4862,1,4
4863,4863,1,3
4864,4864,1,2
4865,4865,1,1
4866,4866,1,2
4867,4867,1,3
4868,4868,1,4
4869,4869,1,5
4870,4870,1,5
4871,4871,1,4
4872,4872,1,3
4873,4873,1,2
4874,4874,1,1
4875,4875,1,2
4876,4876,1,3
4877,4877,1,4
4878,4878,1,5
4879,4879,1,5
4880,4880,1,4
4881,4881,1,3
4882,4882,1,2
4883,4883,1,1
4884,4884,1,2
4885,4885,1,3
4886,4886,1,4
4887,4887,1,5
4888,4888,1,5
4889,4889,1,4
4890,4890,1,3
4891,4891,1,2
4892,4892,1,1
4893,4893,1,2
4894,4894,1,3
4895,4895,1,4
4896,4896,1,5
4897,4897,1,5
4898,4898,1,4
4899,4899,1,3
4900,4900,1,2
4901,4901,1,1
4902,4902,1,2
4903,4903,1,3
4904,4904,1,4
4905,4905,1,5
4906,4906,1,5
4907,4907,1,4
4908,4908,1,3
4909,4909,1,2
4910,4910,1,1
4911,4911,1,2
4912,4912,1,3
4913,4913,1,4
4914,4914,1,5
4915,4915,1,5
4916,4916,1,4
4917,4917,1,3
4918,4918,1,2
4919,4919,1,1
4920,4920,1,2
4921,4921,1,3
4922,4922,1,4
4923,4923,1,5
4924,4924,1,5
4925,4925,1,4
4926,4926,1,3
4927,4927,1,2
4928,4928,1,1
4929,4929,1,2
4930,4930,1,3
4931,4931,1,4
4932,4932,1,5
4933,4933,1,5
4934,4934,1,4
4935,4935,1,3
4936,4936,1,2
4937,4937,1,1
4938,4938,1,2
4939,4939,1,3
4940,4940,1,4
4941,4941,1,5
4942,4942,1,5
4943,4943,1,4
4944,4944,1,3
4945,4945,1,2
4946,4946,1,1
4947,4947,1,2
4948,4948,1,3
4949,4949,1,4
4950,4950,1,5
4951,4951,1,5
4952,4952,1,4
4953,4953,1,3
4954,4954,1,2
4955,4955,1,1
4956,4956,1,2
4957,4957,1,3
4958,4958,1,4
4959,4959,1,5
4960,4960,1,5
4961,4961,1,4
4962,4962,1,3
4963,4963,1,2
4964,4964,1,1
4965,4965,1,2
4966,4966,1,3
4967,4967,1,4
4968,4968,1,5
4969,4969,1,5
4970,4970,1,4
4971,4971,1,3
4972,4972,1,2
4973,4973,1,1
4974,4974,1,2
4975,4975,1,3
4976,4976,1,4
4977,4977,1,5
4978,4978,1,5
4979,4979,1,4
4980,4980,1,3
4981,4981,1,2
4982,4982,1,1
4983,4983,1,2
4984,4984,1,3
4985,4985,1,4
4986,4986,1,5
4987,4987,1,5
4988,4988,1,4
4989,4989,1,3
4990,4990,1,2
4991,4991,1,1
4992,4992,1,2
4993,4993,1,3
4994,4994,1,4
4995,4995,1,5
4996,4996,1,5
4997,4997,1,4
4998,4998,1,3
4999,4999,1,2
5000,5000,1,1
5001,5001,1,2
5002,5002,1,3
5003,5003,1,4
5004,5004,1,5
5005,5005,1,5
5006,5006,1,4
5007,5007,1,3
5008,5008,1,2
5009,5009,1,1
5010,5010,1,2
5011,5011,1,3
5012,5012,1,4
5013,5013,1,5
5014,5014,1,5
5015,5015,1,4
5016,5016,1,3
5017,5017,1,2
5018,5018,1,1
5019,5019,1,2
5020,5020,1,3
5021,5021,1,4
5022,5022,1,5
5023,5023,1,5
5024,5024,1,4
5025,5025,1,3
5026,5026,1,2
5027,5027,1,1
5028,5028,1,2
5029,5029,1,3
5030,5030,1,4
5031,5031,1,5
5032,5032,1,5
5033,5033,1,4
5034,5034,1,3
5035,5035,1,2
5036,5036,1,1
5037,5037,1,2
5038,5038,1,3
5039,5039,1,4
5040,5040,1,5
5041,5041,1,5
5042,5042,1,4
5043,5043,1,3